zipcode,property_type,2018-05,2014-07,2014-11,2014-01,2018-11,2022-03,2020-09,2012-09,2014-06,2023-12,2024-02,2023-01,2019-12,2019-01,2013-05,2019-06,2014-04,2017-07,2012-10,2021-08,2012-03,2014-10,2021-03,2022-08,2023-07,2014-08,2017-10,2015-03,2020-03,2020-08,2012-12,2020-07,2014-03,2022-06,2015-04,2019-04,2023-02,2023-08,2023-10,2019-03,2021-06,2016-12,2020-01,2018-04,2014-05,2013-12,2017-08,2018-08,2015-01,2021-12,2020-02,2015-07,2021-09,2016-06,2022-11,2016-11,2017-01,2014-09,2013-07,2013-04,2021-04,2016-07,2019-10,2016-09,2012-07,2018-10,2023-04,2016-03,2015-10,2013-02,2018-07,2015-12,2021-10,2012-08,2020-12,2020-05,2013-09,2012-11,2013-11,2018-12,2023-06,2022-04,2022-01,2023-11,2023-05,2023-03,2016-04,2017-09,2015-02,2018-02,2022-07,2023-09,2022-10,2013-06,2019-09,2019-08,2013-01,2020-06,2017-06,2017-05,2016-01,2021-05,2021-11,2018-09,2017-03,2019-05,2014-02,2021-07,2015-05,2016-02,2017-02,2015-09,2017-04,2015-11,2017-11,2012-05,2017-12,2021-01,2012-06,2016-10,2020-04,2021-02,2019-02,2019-11,2013-08,2020-10,2022-05,2014-12,2018-06,2018-03,2013-03,2016-05,2024-01,2012-04,2018-01,2015-08,2022-02,2020-11,2013-10,2015-06,2019-07,2016-08,2022-09,2022-12
Zip Code: 98101,All Residential,61.0,39.0,19.0,19.0,50.0,49.0,130.0,60.0,31.0,55.0,59.0,44.0,37.0,38.0,54.0,71.0,30.0,25.0,48.0,65.0,54.0,27.0,60.0,61.0,63.0,28.0,32.0,23.0,53.0,121.0,45.0,103.0,22.0,76.0,28.0,71.0,54.0,67.0,71.0,65.0,63.0,7.0,29.0,53.0,33.0,28.0,33.0,47.0,22.0,41.0,43.0,56.0,69.0,36.0,54.0,13.0,11.0,29.0,34.0,39.0,57.0,31.0,53.0,28.0,58.0,61.0,60.0,49.0,54.0,41.0,35.0,48.0,63.0,53.0,73.0,65.0,40.0,43.0,34.0,37.0,70.0,55.0,36.0,59.0,59.0,53.0,57.0,35.0,19.0,44.0,67.0,75.0,71.0,44.0,62.0,57.0,37.0,100.0,25.0,28.0,47.0,50.0,58.0,57.0,28.0,76.0,25.0,66.0,51.0,48.0,14.0,61.0,29.0,55.0,29.0,53.0,19.0,66.0,60.0,18.0,61.0,60.0,43.0,46.0,36.0,117.0,68.0,18.0,61.0,46.0,37.0,39.0,53.0,60.0,18.0,57.0,44.0,89.0,38.0,52.0,56.0,34.0,62.0,44.0
Zip Code: 98101,Condo/Co-op,61.0,39.0,19.0,19.0,50.0,49.0,130.0,60.0,31.0,55.0,59.0,44.0,37.0,38.0,54.0,71.0,30.0,25.0,48.0,65.0,53.0,27.0,60.0,61.0,63.0,28.0,32.0,23.0,53.0,121.0,45.0,103.0,22.0,76.0,28.0,71.0,54.0,67.0,71.0,65.0,63.0,7.0,29.0,53.0,33.0,28.0,33.0,47.0,21.0,41.0,43.0,56.0,68.0,36.0,54.0,13.0,11.0,29.0,34.0,39.0,57.0,31.0,53.0,28.0,58.0,61.0,60.0,49.0,54.0,41.0,35.0,48.0,62.0,53.0,73.0,65.0,40.0,43.0,34.0,37.0,70.0,55.0,36.0,59.0,59.0,53.0,57.0,35.0,19.0,44.0,67.0,75.0,71.0,44.0,62.0,57.0,37.0,100.0,25.0,28.0,47.0,50.0,57.0,57.0,28.0,76.0,25.0,66.0,51.0,48.0,14.0,61.0,29.0,55.0,29.0,52.0,19.0,66.0,59.0,18.0,61.0,60.0,43.0,46.0,36.0,117.0,68.0,17.0,61.0,46.0,37.0,39.0,53.0,59.0,18.0,57.0,44.0,89.0,38.0,52.0,56.0,34.0,62.0,44.0
Zip Code: 98101,Single Family Residential,0.0,0.0,0.0,0.0,0.0,0.0,0.0,0.0,0.0,0.0,0.0,0.0,0.0,0.0,0.0,0.0,0.0,0.0,0.0,0.0,0.0,0.0,0.0,0.0,0.0,0.0,0.0,0.0,0.0,0.0,0.0,0.0,0.0,0.0,0.0,0.0,0.0,0.0,0.0,0.0,0.0,0.0,0.0,0.0,0.0,0.0,0.0,0.0,0.0,0.0,0.0,0.0,0.0,0.0,0.0,0.0,0.0,0.0,0.0,0.0,0.0,0.0,0.0,0.0,0.0,0.0,0.0,0.0,0.0,0.0,0.0,0.0,0.0,0.0,0.0,0.0,0.0,0.0,0.0,0.0,0.0,0.0,0.0,0.0,0.0,0.0,0.0,0.0,0.0,0.0,0.0,0.0,0.0,0.0,0.0,0.0,0.0,0.0,0.0,0.0,0.0,0.0,0.0,0.0,0.0,0.0,0.0,0.0,0.0,0.0,0.0,0.0,0.0,0.0,0.0,0.0,0.0,0.0,0.0,0.0,0.0,0.0,0.0,0.0,0.0,0.0,0.0,0.0,0.0,0.0,0.0,0.0,0.0,0.0,0.0,0.0,0.0,0.0,0.0,0.0,0.0,0.0,0.0,0.0
Zip Code: 98101,Townhouse,0.0,0.0,0.0,0.0,0.0,0.0,0.0,0.0,0.0,0.0,0.0,0.0,0.0,0.0,0.0,0.0,0.0,0.0,0.0,0.0,0.0,0.0,0.0,0.0,0.0,0.0,0.0,0.0,0.0,0.0,0.0,0.0,0.0,0.0,0.0,0.0,0.0,0.0,0.0,0.0,0.0,0.0,0.0,0.0,0.0,0.0,0.0,0.0,0.0,0.0,0.0,0.0,0.0,0.0,0.0,0.0,0.0,0.0,0.0,0.0,0.0,0.0,0.0,0.0,0.0,0.0,0.0,0.0,0.0,0.0,0.0,0.0,0.0,0.0,0.0,0.0,0.0,0.0,0.0,0.0,0.0,0.0,0.0,0.0,0.0,0.0,0.0,0.0,0.0,0.0,0.0,0.0,0.0,0.0,0.0,0.0,0.0,0.0,0.0,0.0,0.0,0.0,1.0,0.0,0.0,0.0,0.0,0.0,0.0,0.0,0.0,0.0,0.0,0.0,0.0,0.0,0.0,0.0,0.0,0.0,0.0,0.0,0.0,0.0,0.0,0.0,0.0,0.0,0.0,0.0,0.0,0.0,0.0,0.0,0.0,0.0,0.0,0.0,0.0,0.0,0.0,0.0,0.0,0.0
Zip Code: 98102,All Residential,36.0,50.0,33.0,37.0,58.0,31.0,120.0,61.0,51.0,32.0,46.0,33.0,53.0,49.0,67.0,99.0,50.0,41.0,47.0,61.0,59.0,36.0,90.0,58.0,54.0,42.0,33.0,27.0,61.0,107.0,44.0,86.0,39.0,67.0,30.0,77.0,35.0,66.0,62.0,68.0,91.0,19.0,45.0,35.0,48.0,38.0,31.0,46.0,26.0,21.0,45.0,23.0,70.0,32.0,42.0,32.0,14.0,45.0,61.0,54.0,95.0,34.0,80.0,46.0,66.0,70.0,48.0,27.0,31.0,54.0,46.0,17.0,54.0,59.0,66.0,70.0,71.0,51.0,47.0,45.0,57.0,36.0,21.0,47.0,54.0,44.0,50.0,41.0,22.0,21.0,62.0,74.0,44.0,68.0,82.0,83.0,47.0,73.0,24.0,28.0,22.0,96.0,31.0,67.0,21.0,97.0,36.0,83.0,37.0,26.0,18.0,36.0,18.0,22.0,21.0,62.0,14.0,67.0,77.0,43.0,61.0,74.0,56.0,61.0,74.0,121.0,48.0,30.0,41.0,34.0,62.0,42.0,38.0,69.0,20.0,35.0,29.0,100.0,57.0,36.0,97.0,40.0,54.0,33.0
Zip Code: 98102,Condo/Co-op,18.0,25.0,19.0,22.0,28.0,14.0,71.0,33.0,30.0,19.0,21.0,17.0,35.0,30.0,32.0,61.0,24.0,14.0,26.0,28.0,43.0,18.0,61.0,30.0,29.0,21.0,11.0,17.0,29.0,69.0,23.0,57.0,15.0,41.0,16.0,53.0,18.0,39.0,40.0,48.0,56.0,10.0,29.0,16.0,26.0,21.0,15.0,27.0,18.0,13.0,26.0,11.0,39.0,21.0,25.0,14.0,9.0,20.0,33.0,27.0,64.0,24.0,44.0,23.0,40.0,39.0,26.0,14.0,15.0,25.0,21.0,4.0,29.0,33.0,35.0,40.0,40.0,24.0,27.0,21.0,29.0,16.0,11.0,32.0,29.0,27.0,31.0,20.0,17.0,9.0,36.0,48.0,24.0,39.0,54.0,55.0,24.0,44.0,4.0,11.0,10.0,59.0,19.0,38.0,12.0,57.0,17.0,45.0,21.0,15.0,12.0,18.0,9.0,8.0,10.0,38.0,5.0,41.0,46.0,20.0,34.0,47.0,36.0,33.0,40.0,72.0,23.0,19.0,21.0,11.0,28.0,25.0,24.0,46.0,10.0,18.0,14.0,60.0,32.0,21.0,62.0,26.0,24.0,18.0
Zip Code: 98102,Multi-Family (2-4 Unit),3.0,2.0,1.0,1.0,2.0,3.0,7.0,3.0,1.0,4.0,0.0,0.0,0.0,2.0,4.0,5.0,2.0,2.0,2.0,5.0,1.0,0.0,2.0,2.0,0.0,1.0,2.0,1.0,3.0,0.0,2.0,4.0,1.0,4.0,0.0,2.0,0.0,0.0,4.0,1.0,3.0,1.0,0.0,3.0,0.0,1.0,2.0,1.0,0.0,1.0,3.0,0.0,5.0,2.0,0.0,1.0,2.0,0.0,4.0,1.0,1.0,1.0,5.0,1.0,5.0,4.0,5.0,2.0,0.0,0.0,1.0,1.0,5.0,4.0,3.0,2.0,3.0,2.0,1.0,0.0,0.0,3.0,1.0,4.0,6.0,3.0,3.0,0.0,0.0,3.0,3.0,0.0,0.0,4.0,3.0,3.0,1.0,3.0,2.0,2.0,0.0,2.0,3.0,4.0,1.0,5.0,1.0,0.0,1.0,0.0,1.0,0.0,1.0,1.0,1.0,5.0,1.0,2.0,0.0,1.0,2.0,3.0,1.0,4.0,3.0,6.0,4.0,0.0,1.0,3.0,1.0,2.0,0.0,5.0,2.0,0.0,2.0,5.0,2.0,1.0,3.0,1.0,0.0,0.0
Zip Code: 98102,Single Family Residential,12.0,12.0,5.0,7.0,12.0,5.0,15.0,16.0,13.0,4.0,10.0,9.0,6.0,8.0,16.0,21.0,15.0,9.0,10.0,9.0,11.0,6.0,11.0,16.0,15.0,10.0,12.0,7.0,15.0,10.0,8.0,7.0,14.0,13.0,11.0,12.0,11.0,15.0,11.0,12.0,8.0,7.0,7.0,9.0,16.0,7.0,4.0,10.0,5.0,2.0,9.0,9.0,6.0,5.0,8.0,13.0,3.0,12.0,13.0,12.0,12.0,7.0,17.0,15.0,14.0,12.0,13.0,6.0,9.0,11.0,13.0,8.0,7.0,14.0,6.0,12.0,14.0,12.0,8.0,11.0,18.0,10.0,4.0,7.0,14.0,9.0,10.0,11.0,3.0,6.0,13.0,14.0,12.0,9.0,13.0,13.0,10.0,11.0,11.0,11.0,9.0,15.0,2.0,13.0,3.0,21.0,9.0,14.0,13.0,8.0,2.0,9.0,5.0,9.0,5.0,14.0,3.0,4.0,19.0,13.0,14.0,9.0,9.0,11.0,19.0,12.0,11.0,4.0,14.0,7.0,13.0,9.0,2.0,14.0,4.0,8.0,5.0,8.0,13.0,11.0,21.0,8.0,17.0,7.0
Zip Code: 98102,Townhouse,3.0,11.0,8.0,7.0,16.0,9.0,27.0,9.0,7.0,5.0,11.0,5.0,10.0,9.0,15.0,12.0,9.0,16.0,9.0,19.0,4.0,11.0,16.0,10.0,5.0,10.0,8.0,2.0,14.0,21.0,11.0,18.0,9.0,9.0,3.0,10.0,5.0,6.0,7.0,7.0,24.0,1.0,6.0,7.0,6.0,9.0,10.0,8.0,3.0,5.0,7.0,2.0,20.0,4.0,8.0,4.0,0.0,12.0,11.0,14.0,18.0,2.0,14.0,7.0,7.0,15.0,4.0,5.0,7.0,17.0,11.0,4.0,13.0,8.0,22.0,16.0,14.0,13.0,11.0,12.0,5.0,7.0,5.0,4.0,5.0,5.0,6.0,9.0,2.0,3.0,10.0,9.0,6.0,16.0,12.0,12.0,12.0,15.0,7.0,4.0,3.0,20.0,7.0,12.0,5.0,14.0,9.0,21.0,2.0,3.0,3.0,9.0,3.0,4.0,5.0,5.0,5.0,20.0,6.0,9.0,11.0,15.0,10.0,13.0,12.0,31.0,10.0,7.0,5.0,13.0,20.0,6.0,9.0,4.0,4.0,9.0,8.0,27.0,10.0,3.0,11.0,5.0,11.0,8.0
Zip Code: 98103,All Residential,63.0,89.0,52.0,53.0,111.0,42.0,140.0,113.0,74.0,36.0,47.0,53.0,51.0,85.0,84.0,132.0,46.0,42.0,81.0,71.0,89.0,69.0,59.0,96.0,61.0,91.0,42.0,42.0,72.0,110.0,47.0,102.0,47.0,88.0,40.0,101.0,48.0,73.0,87.0,86.0,67.0,26.0,49.0,38.0,58.0,49.0,29.0,86.0,26.0,25.0,58.0,54.0,75.0,43.0,76.0,29.0,31.0,82.0,86.0,75.0,64.0,58.0,113.0,61.0,104.0,136.0,38.0,39.0,40.0,56.0,86.0,18.0,73.0,100.0,61.0,77.0,107.0,65.0,56.0,83.0,68.0,41.0,14.0,61.0,54.0,49.0,47.0,32.0,38.0,25.0,109.0,92.0,103.0,92.0,134.0,107.0,43.0,89.0,18.0,34.0,32.0,57.0,35.0,132.0,23.0,116.0,44.0,76.0,42.0,40.0,31.0,48.0,31.0,25.0,21.0,96.0,9.0,63.0,95.0,47.0,74.0,51.0,87.0,76.0,92.0,127.0,50.0,41.0,68.0,31.0,57.0,37.0,40.0,94.0,24.0,44.0,29.0,95.0,79.0,63.0,105.0,55.0,119.0,61.0
Zip Code: 98103,Condo/Co-op,17.0,25.0,22.0,19.0,26.0,8.0,44.0,35.0,24.0,7.0,12.0,8.0,21.0,19.0,19.0,38.0,16.0,10.0,21.0,17.0,35.0,27.0,21.0,12.0,19.0,28.0,6.0,10.0,18.0,29.0,20.0,27.0,17.0,21.0,12.0,24.0,9.0,15.0,16.0,18.0,16.0,5.0,20.0,13.0,15.0,20.0,9.0,21.0,15.0,10.0,18.0,12.0,20.0,10.0,12.0,6.0,7.0,29.0,21.0,25.0,17.0,10.0,36.0,13.0,28.0,36.0,9.0,11.0,9.0,20.0,20.0,5.0,26.0,26.0,25.0,24.0,25.0,20.0,21.0,20.0,15.0,11.0,3.0,12.0,14.0,7.0,12.0,6.0,13.0,6.0,21.0,23.0,17.0,19.0,44.0,39.0,19.0,23.0,2.0,9.0,5.0,20.0,14.0,34.0,4.0,30.0,18.0,18.0,8.0,10.0,7.0,6.0,6.0,7.0,3.0,34.0,2.0,23.0,31.0,11.0,20.0,20.0,19.0,29.0,26.0,40.0,15.0,19.0,14.0,6.0,17.0,11.0,7.0,30.0,5.0,11.0,5.0,37.0,23.0,11.0,37.0,16.0,17.0,6.0
Zip Code: 98103,Multi-Family (2-4 Unit),4.0,8.0,5.0,4.0,8.0,2.0,14.0,11.0,4.0,2.0,2.0,3.0,4.0,8.0,5.0,6.0,3.0,2.0,5.0,4.0,8.0,9.0,4.0,1.0,4.0,9.0,3.0,4.0,7.0,14.0,2.0,9.0,1.0,7.0,0.0,2.0,4.0,6.0,3.0,5.0,5.0,3.0,4.0,1.0,3.0,6.0,1.0,7.0,1.0,2.0,6.0,5.0,6.0,2.0,2.0,3.0,3.0,9.0,9.0,5.0,5.0,4.0,6.0,6.0,8.0,8.0,3.0,1.0,6.0,4.0,6.0,2.0,3.0,11.0,4.0,4.0,9.0,3.0,7.0,7.0,4.0,3.0,1.0,2.0,4.0,4.0,2.0,2.0,2.0,0.0,5.0,6.0,3.0,8.0,5.0,6.0,3.0,8.0,0.0,1.0,7.0,6.0,3.0,7.0,4.0,5.0,1.0,7.0,2.0,3.0,2.0,6.0,3.0,4.0,1.0,7.0,1.0,3.0,6.0,5.0,7.0,3.0,8.0,4.0,10.0,9.0,4.0,4.0,5.0,0.0,2.0,0.0,3.0,9.0,0.0,5.0,1.0,6.0,9.0,6.0,5.0,8.0,4.0,2.0
Zip Code: 98103,Single Family Residential,35.0,38.0,20.0,15.0,40.0,22.0,46.0,50.0,36.0,4.0,17.0,20.0,12.0,26.0,47.0,42.0,18.0,28.0,46.0,25.0,39.0,26.0,20.0,41.0,20.0,41.0,24.0,18.0,26.0,32.0,23.0,36.0,17.0,32.0,21.0,41.0,19.0,23.0,26.0,33.0,24.0,11.0,12.0,19.0,27.0,13.0,14.0,34.0,9.0,2.0,22.0,23.0,34.0,24.0,34.0,13.0,14.0,31.0,42.0,40.0,30.0,36.0,38.0,31.0,46.0,49.0,17.0,18.0,22.0,25.0,39.0,10.0,24.0,40.0,13.0,30.0,52.0,37.0,20.0,27.0,27.0,16.0,3.0,14.0,19.0,23.0,25.0,17.0,17.0,13.0,42.0,26.0,44.0,51.0,43.0,38.0,17.0,29.0,13.0,20.0,15.0,18.0,7.0,55.0,9.0,50.0,16.0,22.0,22.0,20.0,16.0,29.0,15.0,10.0,12.0,42.0,2.0,20.0,44.0,21.0,24.0,19.0,29.0,20.0,36.0,45.0,17.0,15.0,39.0,21.0,32.0,20.0,9.0,44.0,13.0,19.0,12.0,26.0,35.0,35.0,34.0,25.0,50.0,24.0
Zip Code: 98103,Townhouse,7.0,18.0,5.0,15.0,37.0,10.0,36.0,17.0,10.0,23.0,16.0,22.0,14.0,32.0,13.0,46.0,9.0,2.0,9.0,25.0,7.0,7.0,14.0,42.0,18.0,13.0,9.0,10.0,21.0,35.0,2.0,30.0,12.0,28.0,7.0,34.0,16.0,29.0,42.0,30.0,22.0,7.0,13.0,5.0,13.0,10.0,5.0,24.0,1.0,11.0,12.0,14.0,15.0,7.0,28.0,7.0,7.0,13.0,14.0,5.0,12.0,8.0,33.0,11.0,22.0,43.0,9.0,9.0,3.0,7.0,21.0,1.0,20.0,23.0,19.0,19.0,21.0,5.0,8.0,29.0,22.0,11.0,7.0,33.0,17.0,15.0,8.0,7.0,6.0,6.0,41.0,37.0,39.0,14.0,42.0,24.0,4.0,29.0,3.0,4.0,5.0,13.0,11.0,36.0,6.0,31.0,9.0,29.0,10.0,7.0,6.0,7.0,7.0,4.0,5.0,13.0,4.0,17.0,14.0,10.0,23.0,9.0,31.0,23.0,20.0,33.0,14.0,3.0,10.0,4.0,6.0,6.0,21.0,11.0,6.0,9.0,11.0,26.0,12.0,11.0,29.0,6.0,48.0,29.0
Zip Code: 98104,All Residential,14.0,18.0,12.0,16.0,27.0,35.0,48.0,17.0,19.0,26.0,27.0,32.0,32.0,25.0,20.0,47.0,20.0,18.0,17.0,42.0,18.0,12.0,45.0,42.0,38.0,17.0,15.0,12.0,28.0,48.0,13.0,43.0,22.0,49.0,15.0,35.0,29.0,34.0,36.0,32.0,45.0,14.0,30.0,13.0,18.0,14.0,16.0,13.0,9.0,30.0,32.0,12.0,40.0,17.0,41.0,20.0,17.0,14.0,20.0,17.0,44.0,16.0,46.0,23.0,18.0,25.0,26.0,20.0,18.0,10.0,21.0,17.0,48.0,17.0,39.0,31.0,17.0,14.0,14.0,23.0,33.0,37.0,32.0,35.0,32.0,34.0,18.0,14.0,7.0,10.0,43.0,38.0,43.0,19.0,49.0,42.0,10.0,35.0,17.0,24.0,15.0,42.0,40.0,19.0,18.0,45.0,19.0,45.0,15.0,20.0,16.0,11.0,20.0,18.0,10.0,20.0,10.0,36.0,24.0,18.0,30.0,44.0,23.0,41.0,22.0,46.0,36.0,11.0,15.0,11.0,16.0,8.0,28.0,17.0,8.0,12.0,35.0,40.0,15.0,11.0,43.0,23.0,38.0,28.0
Zip Code: 98104,Condo/Co-op,14.0,18.0,12.0,16.0,27.0,35.0,48.0,16.0,19.0,26.0,27.0,32.0,32.0,25.0,19.0,47.0,20.0,18.0,16.0,42.0,18.0,12.0,45.0,42.0,38.0,17.0,15.0,12.0,28.0,48.0,12.0,43.0,22.0,49.0,15.0,35.0,29.0,34.0,36.0,32.0,45.0,14.0,30.0,13.0,18.0,14.0,16.0,13.0,9.0,30.0,32.0,12.0,40.0,17.0,41.0,20.0,17.0,14.0,19.0,15.0,44.0,16.0,46.0,23.0,17.0,25.0,26.0,20.0,18.0,8.0,21.0,17.0,48.0,16.0,39.0,31.0,17.0,13.0,14.0,23.0,33.0,37.0,32.0,35.0,32.0,34.0,18.0,14.0,7.0,10.0,43.0,38.0,43.0,18.0,49.0,42.0,8.0,35.0,17.0,24.0,15.0,42.0,40.0,19.0,18.0,45.0,19.0,45.0,15.0,20.0,16.0,11.0,20.0,18.0,10.0,19.0,10.0,36.0,23.0,18.0,30.0,44.0,23.0,41.0,21.0,46.0,36.0,11.0,15.0,11.0,13.0,8.0,28.0,17.0,8.0,12.0,35.0,40.0,15.0,11.0,43.0,23.0,38.0,28.0
Zip Code: 98104,Single Family Residential,0.0,0.0,0.0,0.0,0.0,0.0,0.0,0.0,0.0,0.0,0.0,0.0,0.0,0.0,0.0,0.0,0.0,0.0,0.0,0.0,0.0,0.0,0.0,0.0,0.0,0.0,0.0,0.0,0.0,0.0,0.0,0.0,0.0,0.0,0.0,0.0,0.0,0.0,0.0,0.0,0.0,0.0,0.0,0.0,0.0,0.0,0.0,0.0,0.0,0.0,0.0,0.0,0.0,0.0,0.0,0.0,0.0,0.0,0.0,0.0,0.0,0.0,0.0,0.0,0.0,0.0,0.0,0.0,0.0,0.0,0.0,0.0,0.0,0.0,0.0,0.0,0.0,0.0,0.0,0.0,0.0,0.0,0.0,0.0,0.0,0.0,0.0,0.0,0.0,0.0,0.0,0.0,0.0,0.0,0.0,0.0,0.0,0.0,0.0,0.0,0.0,0.0,0.0,0.0,0.0,0.0,0.0,0.0,0.0,0.0,0.0,0.0,0.0,0.0,0.0,1.0,0.0,0.0,0.0,0.0,0.0,0.0,0.0,0.0,0.0,0.0,0.0,0.0,0.0,0.0,0.0,0.0,0.0,0.0,0.0,0.0,0.0,0.0,0.0,0.0,0.0,0.0,0.0,0.0
Zip Code: 98104,Townhouse,0.0,0.0,0.0,0.0,0.0,0.0,0.0,0.0,0.0,0.0,0.0,0.0,0.0,0.0,0.0,0.0,0.0,0.0,0.0,0.0,0.0,0.0,0.0,0.0,0.0,0.0,0.0,0.0,0.0,0.0,0.0,0.0,0.0,0.0,0.0,0.0,0.0,0.0,0.0,0.0,0.0,0.0,0.0,0.0,0.0,0.0,0.0,0.0,0.0,0.0,0.0,0.0,0.0,0.0,0.0,0.0,0.0,0.0,0.0,0.0,0.0,0.0,0.0,0.0,0.0,0.0,0.0,0.0,0.0,0.0,0.0,0.0,0.0,0.0,0.0,0.0,0.0,0.0,0.0,0.0,0.0,0.0,0.0,0.0,0.0,0.0,0.0,0.0,0.0,0.0,0.0,0.0,0.0,0.0,0.0,0.0,0.0,0.0,0.0,0.0,0.0,0.0,0.0,0.0,0.0,0.0,0.0,0.0,0.0,0.0,0.0,0.0,0.0,0.0,0.0,0.0,0.0,0.0,0.0,0.0,0.0,0.0,0.0,0.0,0.0,0.0,0.0,0.0,0.0,0.0,0.0,0.0,0.0,0.0,0.0,0.0,0.0,0.0,0.0,0.0,0.0,0.0,0.0,0.0
Zip Code: 98105,All Residential,35.0,52.0,33.0,23.0,44.0,20.0,79.0,49.0,40.0,28.0,35.0,24.0,24.0,26.0,42.0,56.0,23.0,21.0,47.0,42.0,41.0,48.0,30.0,55.0,46.0,49.0,29.0,29.0,38.0,67.0,33.0,47.0,27.0,45.0,25.0,60.0,28.0,44.0,44.0,45.0,35.0,19.0,26.0,19.0,37.0,21.0,25.0,34.0,22.0,18.0,36.0,26.0,52.0,17.0,46.0,23.0,18.0,44.0,50.0,33.0,38.0,27.0,48.0,40.0,65.0,47.0,38.0,22.0,29.0,27.0,46.0,16.0,39.0,55.0,34.0,37.0,41.0,42.0,28.0,29.0,39.0,28.0,19.0,37.0,38.0,36.0,24.0,35.0,22.0,18.0,63.0,54.0,65.0,43.0,63.0,54.0,30.0,45.0,25.0,25.0,18.0,36.0,27.0,46.0,24.0,62.0,22.0,46.0,34.0,23.0,19.0,25.0,26.0,25.0,16.0,51.0,10.0,30.0,55.0,32.0,48.0,32.0,30.0,37.0,53.0,70.0,33.0,21.0,37.0,20.0,32.0,20.0,39.0,43.0,22.0,25.0,18.0,51.0,38.0,33.0,60.0,26.0,66.0,34.0
Zip Code: 98105,Condo/Co-op,11.0,6.0,3.0,8.0,8.0,8.0,21.0,11.0,6.0,15.0,12.0,6.0,7.0,6.0,6.0,11.0,7.0,2.0,14.0,21.0,17.0,7.0,9.0,18.0,15.0,7.0,2.0,1.0,9.0,16.0,11.0,13.0,6.0,15.0,3.0,12.0,8.0,18.0,19.0,13.0,8.0,7.0,7.0,2.0,9.0,3.0,5.0,8.0,4.0,5.0,8.0,5.0,21.0,3.0,21.0,7.0,6.0,5.0,10.0,3.0,8.0,7.0,19.0,10.0,19.0,8.0,16.0,2.0,2.0,5.0,9.0,2.0,15.0,15.0,10.0,6.0,10.0,14.0,5.0,4.0,12.0,5.0,3.0,17.0,16.0,10.0,6.0,4.0,2.0,0.0,17.0,20.0,26.0,12.0,15.0,13.0,7.0,9.0,8.0,4.0,1.0,6.0,12.0,6.0,8.0,11.0,9.0,20.0,4.0,3.0,5.0,2.0,7.0,2.0,2.0,20.0,2.0,12.0,17.0,8.0,5.0,9.0,10.0,10.0,17.0,21.0,8.0,3.0,5.0,1.0,3.0,5.0,16.0,16.0,2.0,6.0,5.0,14.0,5.0,5.0,13.0,10.0,23.0,14.0
Zip Code: 98105,Multi-Family (2-4 Unit),0.0,4.0,2.0,2.0,2.0,4.0,4.0,5.0,4.0,0.0,4.0,0.0,1.0,3.0,3.0,4.0,1.0,1.0,4.0,6.0,1.0,4.0,2.0,4.0,3.0,5.0,0.0,3.0,0.0,5.0,2.0,3.0,1.0,10.0,2.0,0.0,5.0,2.0,0.0,0.0,4.0,0.0,2.0,0.0,1.0,2.0,2.0,2.0,1.0,5.0,4.0,2.0,8.0,1.0,4.0,1.0,0.0,2.0,1.0,2.0,1.0,0.0,1.0,1.0,3.0,3.0,1.0,0.0,2.0,4.0,2.0,1.0,6.0,4.0,2.0,7.0,2.0,1.0,0.0,2.0,2.0,5.0,4.0,0.0,2.0,2.0,0.0,0.0,0.0,0.0,9.0,3.0,3.0,2.0,1.0,3.0,3.0,5.0,1.0,2.0,0.0,3.0,6.0,2.0,2.0,4.0,1.0,4.0,5.0,0.0,0.0,2.0,0.0,2.0,0.0,1.0,0.0,3.0,1.0,1.0,6.0,2.0,4.0,2.0,1.0,4.0,6.0,2.0,2.0,0.0,2.0,1.0,0.0,1.0,0.0,2.0,4.0,5.0,3.0,6.0,6.0,0.0,4.0,3.0
Zip Code: 98105,Single Family Residential,23.0,35.0,26.0,8.0,25.0,6.0,40.0,29.0,25.0,10.0,13.0,12.0,11.0,14.0,27.0,33.0,14.0,14.0,28.0,12.0,21.0,31.0,14.0,26.0,21.0,30.0,22.0,25.0,17.0,40.0,19.0,25.0,19.0,16.0,20.0,39.0,13.0,20.0,18.0,27.0,18.0,12.0,14.0,16.0,24.0,11.0,14.0,21.0,17.0,6.0,18.0,18.0,13.0,11.0,17.0,15.0,11.0,31.0,33.0,23.0,18.0,19.0,21.0,28.0,38.0,28.0,17.0,20.0,25.0,18.0,33.0,13.0,11.0,30.0,12.0,19.0,24.0,27.0,16.0,16.0,21.0,14.0,8.0,16.0,16.0,20.0,18.0,26.0,19.0,18.0,32.0,25.0,31.0,24.0,37.0,31.0,19.0,26.0,13.0,18.0,16.0,22.0,4.0,32.0,13.0,38.0,10.0,18.0,25.0,20.0,14.0,21.0,17.0,20.0,14.0,26.0,7.0,11.0,33.0,23.0,29.0,16.0,15.0,16.0,28.0,34.0,15.0,15.0,28.0,16.0,24.0,14.0,15.0,25.0,20.0,13.0,7.0,23.0,24.0,21.0,30.0,16.0,31.0,13.0
Zip Code: 98105,Townhouse,1.0,7.0,2.0,5.0,9.0,2.0,14.0,4.0,5.0,0.0,6.0,2.0,5.0,3.0,6.0,8.0,1.0,4.0,1.0,3.0,2.0,6.0,5.0,7.0,7.0,7.0,5.0,0.0,8.0,6.0,1.0,6.0,1.0,4.0,0.0,6.0,2.0,4.0,3.0,1.0,5.0,0.0,3.0,1.0,3.0,5.0,4.0,3.0,0.0,2.0,6.0,1.0,10.0,2.0,4.0,0.0,1.0,6.0,6.0,5.0,11.0,1.0,7.0,1.0,5.0,8.0,4.0,0.0,0.0,0.0,2.0,0.0,7.0,6.0,10.0,5.0,5.0,0.0,4.0,7.0,4.0,4.0,4.0,0.0,4.0,4.0,0.0,5.0,1.0,0.0,5.0,6.0,5.0,5.0,10.0,7.0,1.0,5.0,3.0,1.0,1.0,5.0,5.0,6.0,1.0,9.0,2.0,4.0,0.0,0.0,0.0,0.0,0.0,1.0,0.0,4.0,1.0,4.0,4.0,0.0,8.0,5.0,1.0,9.0,7.0,11.0,4.0,1.0,2.0,3.0,3.0,0.0,5.0,1.0,0.0,4.0,2.0,9.0,6.0,1.0,11.0,0.0,8.0,4.0
Zip Code: 98106,All Residential,38.0,69.0,61.0,83.0,76.0,20.0,80.0,73.0,71.0,36.0,30.0,37.0,55.0,63.0,74.0,96.0,65.0,23.0,70.0,42.0,88.0,66.0,18.0,54.0,47.0,71.0,37.0,33.0,59.0,88.0,54.0,82.0,80.0,34.0,36.0,81.0,24.0,45.0,50.0,76.0,41.0,31.0,48.0,34.0,72.0,75.0,18.0,74.0,50.0,19.0,43.0,48.0,55.0,35.0,58.0,27.0,23.0,71.0,90.0,58.0,28.0,39.0,72.0,59.0,66.0,95.0,45.0,18.0,35.0,60.0,65.0,30.0,50.0,75.0,35.0,70.0,102.0,61.0,95.0,63.0,45.0,24.0,12.0,45.0,42.0,33.0,30.0,30.0,45.0,14.0,51.0,51.0,65.0,74.0,87.0,92.0,51.0,65.0,24.0,26.0,24.0,29.0,30.0,90.0,14.0,99.0,74.0,44.0,29.0,24.0,13.0,41.0,21.0,33.0,24.0,87.0,15.0,30.0,75.0,41.0,72.0,17.0,64.0,59.0,101.0,84.0,28.0,49.0,48.0,22.0,51.0,34.0,33.0,82.0,16.0,41.0,12.0,59.0,101.0,31.0,93.0,50.0,68.0,46.0
Zip Code: 98106,Condo/Co-op,2.0,1.0,2.0,4.0,2.0,1.0,7.0,3.0,2.0,2.0,1.0,1.0,2.0,1.0,0.0,2.0,3.0,1.0,1.0,4.0,0.0,1.0,1.0,0.0,8.0,2.0,0.0,0.0,1.0,5.0,0.0,1.0,3.0,1.0,2.0,2.0,3.0,7.0,4.0,1.0,4.0,2.0,1.0,1.0,3.0,3.0,1.0,5.0,0.0,3.0,2.0,2.0,5.0,1.0,2.0,1.0,1.0,1.0,2.0,1.0,1.0,1.0,3.0,5.0,4.0,6.0,5.0,1.0,1.0,0.0,1.0,1.0,4.0,2.0,1.0,2.0,4.0,0.0,3.0,4.0,4.0,1.0,2.0,5.0,4.0,4.0,1.0,1.0,1.0,1.0,1.0,6.0,1.0,0.0,3.0,1.0,0.0,1.0,2.0,1.0,1.0,1.0,2.0,6.0,1.0,2.0,3.0,4.0,2.0,0.0,1.0,1.0,1.0,1.0,0.0,6.0,0.0,2.0,4.0,1.0,3.0,1.0,2.0,2.0,4.0,5.0,0.0,2.0,1.0,0.0,1.0,2.0,0.0,8.0,0.0,3.0,2.0,3.0,4.0,2.0,4.0,2.0,1.0,1.0
Zip Code: 98106,Multi-Family (2-4 Unit),0.0,2.0,1.0,2.0,0.0,3.0,0.0,3.0,0.0,0.0,0.0,0.0,1.0,0.0,2.0,0.0,0.0,0.0,2.0,2.0,4.0,3.0,0.0,2.0,0.0,2.0,0.0,0.0,2.0,3.0,2.0,4.0,2.0,2.0,0.0,0.0,0.0,0.0,0.0,0.0,4.0,1.0,2.0,0.0,0.0,3.0,0.0,0.0,2.0,1.0,2.0,0.0,3.0,4.0,3.0,0.0,0.0,3.0,3.0,2.0,0.0,3.0,1.0,2.0,3.0,0.0,0.0,0.0,0.0,3.0,0.0,2.0,1.0,3.0,0.0,3.0,6.0,0.0,5.0,0.0,1.0,3.0,1.0,0.0,0.0,0.0,1.0,0.0,2.0,1.0,2.0,0.0,3.0,3.0,1.0,0.0,2.0,3.0,0.0,0.0,0.0,0.0,1.0,0.0,1.0,0.0,0.0,3.0,0.0,0.0,0.0,1.0,0.0,3.0,0.0,4.0,0.0,0.0,3.0,3.0,2.0,0.0,0.0,1.0,6.0,0.0,2.0,1.0,0.0,0.0,2.0,1.0,0.0,4.0,1.0,0.0,1.0,0.0,5.0,0.0,0.0,2.0,3.0,0.0
Zip Code: 98106,Single Family Residential,28.0,47.0,39.0,53.0,45.0,10.0,43.0,53.0,54.0,26.0,20.0,18.0,28.0,40.0,52.0,67.0,43.0,17.0,51.0,23.0,60.0,42.0,5.0,39.0,28.0,48.0,27.0,26.0,31.0,48.0,40.0,46.0,56.0,28.0,27.0,49.0,9.0,30.0,35.0,45.0,21.0,23.0,24.0,23.0,52.0,52.0,17.0,49.0,33.0,2.0,17.0,36.0,29.0,20.0,34.0,18.0,19.0,47.0,60.0,41.0,18.0,24.0,44.0,40.0,50.0,58.0,22.0,11.0,21.0,47.0,49.0,18.0,27.0,62.0,15.0,39.0,64.0,47.0,63.0,37.0,30.0,16.0,6.0,31.0,20.0,15.0,20.0,20.0,30.0,10.0,40.0,33.0,41.0,53.0,52.0,60.0,40.0,38.0,19.0,19.0,16.0,19.0,11.0,58.0,11.0,58.0,46.0,26.0,22.0,16.0,9.0,30.0,16.0,21.0,18.0,62.0,12.0,17.0,55.0,28.0,36.0,9.0,36.0,32.0,65.0,41.0,18.0,30.0,37.0,16.0,37.0,24.0,25.0,56.0,10.0,30.0,7.0,25.0,66.0,21.0,59.0,33.0,44.0,27.0
Zip Code: 98106,Townhouse,8.0,19.0,19.0,24.0,27.0,6.0,30.0,14.0,15.0,7.0,7.0,16.0,24.0,20.0,20.0,27.0,19.0,5.0,16.0,13.0,17.0,20.0,10.0,13.0,10.0,19.0,9.0,6.0,25.0,32.0,12.0,31.0,19.0,3.0,6.0,30.0,11.0,7.0,10.0,29.0,12.0,5.0,21.0,10.0,17.0,17.0,0.0,20.0,15.0,13.0,22.0,7.0,18.0,10.0,19.0,6.0,3.0,20.0,25.0,14.0,9.0,11.0,24.0,12.0,9.0,30.0,18.0,6.0,13.0,10.0,15.0,9.0,18.0,8.0,19.0,26.0,28.0,13.0,24.0,20.0,10.0,4.0,3.0,8.0,18.0,14.0,8.0,9.0,12.0,2.0,8.0,11.0,20.0,18.0,31.0,31.0,9.0,23.0,3.0,6.0,7.0,9.0,16.0,26.0,1.0,38.0,23.0,11.0,4.0,8.0,3.0,9.0,4.0,8.0,6.0,15.0,3.0,11.0,13.0,9.0,31.0,7.0,24.0,24.0,26.0,38.0,8.0,16.0,10.0,6.0,11.0,7.0,7.0,14.0,5.0,7.0,2.0,31.0,26.0,6.0,30.0,13.0,20.0,16.0
Zip Code: 98107,All Residential,26.0,50.0,37.0,46.0,63.0,19.0,79.0,42.0,50.0,26.0,25.0,35.0,23.0,49.0,36.0,86.0,37.0,28.0,44.0,30.0,38.0,42.0,38.0,45.0,39.0,48.0,15.0,37.0,39.0,62.0,25.0,58.0,41.0,46.0,30.0,76.0,21.0,30.0,41.0,71.0,44.0,6.0,26.0,21.0,41.0,25.0,24.0,46.0,24.0,16.0,23.0,30.0,48.0,21.0,49.0,13.0,12.0,48.0,49.0,24.0,31.0,31.0,70.0,33.0,44.0,69.0,43.0,23.0,27.0,22.0,37.0,13.0,41.0,45.0,48.0,50.0,47.0,34.0,35.0,35.0,49.0,19.0,12.0,32.0,41.0,37.0,27.0,23.0,29.0,9.0,46.0,46.0,68.0,40.0,90.0,74.0,15.0,60.0,13.0,20.0,27.0,39.0,26.0,61.0,18.0,94.0,35.0,41.0,44.0,20.0,20.0,25.0,16.0,26.0,7.0,46.0,3.0,56.0,42.0,20.0,48.0,45.0,53.0,44.0,47.0,80.0,23.0,34.0,35.0,12.0,25.0,24.0,16.0,51.0,7.0,25.0,23.0,61.0,46.0,31.0,80.0,25.0,56.0,38.0
Zip Code: 98107,Condo/Co-op,8.0,25.0,18.0,27.0,14.0,5.0,36.0,16.0,27.0,6.0,9.0,9.0,8.0,14.0,16.0,31.0,18.0,9.0,19.0,10.0,19.0,19.0,19.0,14.0,10.0,24.0,5.0,22.0,8.0,29.0,13.0,27.0,24.0,11.0,20.0,28.0,5.0,8.0,11.0,30.0,13.0,1.0,6.0,4.0,20.0,12.0,5.0,12.0,14.0,7.0,3.0,15.0,24.0,8.0,9.0,2.0,1.0,19.0,26.0,7.0,8.0,11.0,30.0,12.0,19.0,22.0,10.0,7.0,12.0,5.0,11.0,2.0,14.0,20.0,20.0,14.0,20.0,17.0,15.0,9.0,14.0,3.0,4.0,8.0,7.0,7.0,9.0,5.0,16.0,4.0,17.0,12.0,16.0,16.0,32.0,31.0,6.0,21.0,3.0,4.0,8.0,9.0,13.0,21.0,5.0,32.0,21.0,11.0,23.0,7.0,2.0,13.0,0.0,9.0,1.0,22.0,1.0,20.0,16.0,6.0,11.0,23.0,22.0,16.0,26.0,32.0,7.0,18.0,11.0,4.0,7.0,7.0,4.0,30.0,6.0,15.0,8.0,26.0,18.0,14.0,33.0,10.0,13.0,7.0
Zip Code: 98107,Multi-Family (2-4 Unit),3.0,3.0,3.0,1.0,2.0,3.0,4.0,3.0,2.0,4.0,2.0,3.0,4.0,1.0,5.0,3.0,2.0,1.0,3.0,3.0,0.0,2.0,5.0,5.0,1.0,3.0,2.0,0.0,5.0,4.0,4.0,2.0,3.0,6.0,0.0,2.0,2.0,3.0,5.0,3.0,4.0,0.0,5.0,3.0,4.0,3.0,1.0,5.0,0.0,2.0,3.0,2.0,3.0,0.0,3.0,0.0,0.0,1.0,4.0,3.0,5.0,0.0,5.0,1.0,5.0,5.0,3.0,1.0,2.0,1.0,3.0,0.0,4.0,7.0,2.0,6.0,5.0,3.0,5.0,1.0,2.0,1.0,1.0,4.0,3.0,2.0,1.0,2.0,0.0,0.0,3.0,3.0,4.0,6.0,5.0,4.0,3.0,3.0,1.0,1.0,0.0,5.0,3.0,3.0,0.0,9.0,0.0,1.0,4.0,0.0,1.0,0.0,1.0,1.0,4.0,2.0,1.0,2.0,3.0,1.0,6.0,2.0,2.0,3.0,4.0,4.0,4.0,3.0,4.0,0.0,1.0,0.0,2.0,2.0,0.0,1.0,3.0,4.0,9.0,3.0,5.0,1.0,5.0,3.0
Zip Code: 98107,Single Family Residential,11.0,13.0,11.0,11.0,18.0,4.0,14.0,18.0,11.0,8.0,5.0,10.0,2.0,13.0,11.0,15.0,15.0,10.0,14.0,5.0,10.0,13.0,8.0,12.0,9.0,12.0,4.0,9.0,10.0,12.0,5.0,16.0,8.0,8.0,8.0,15.0,4.0,6.0,11.0,23.0,9.0,3.0,6.0,9.0,13.0,6.0,11.0,17.0,6.0,4.0,7.0,9.0,9.0,7.0,18.0,6.0,4.0,17.0,12.0,11.0,12.0,15.0,12.0,10.0,13.0,13.0,8.0,9.0,7.0,11.0,12.0,6.0,10.0,10.0,10.0,15.0,14.0,8.0,7.0,10.0,5.0,11.0,4.0,7.0,5.0,10.0,10.0,9.0,7.0,1.0,11.0,14.0,18.0,10.0,21.0,14.0,5.0,18.0,5.0,7.0,11.0,12.0,3.0,18.0,8.0,17.0,9.0,10.0,11.0,9.0,9.0,2.0,7.0,7.0,1.0,10.0,0.0,10.0,13.0,8.0,16.0,11.0,13.0,6.0,15.0,20.0,5.0,12.0,10.0,5.0,9.0,9.0,5.0,12.0,0.0,7.0,8.0,12.0,13.0,8.0,18.0,7.0,15.0,12.0
Zip Code: 98107,Townhouse,4.0,9.0,5.0,7.0,29.0,7.0,25.0,5.0,10.0,8.0,9.0,13.0,9.0,21.0,4.0,37.0,2.0,8.0,8.0,12.0,9.0,8.0,6.0,14.0,19.0,9.0,4.0,6.0,16.0,17.0,3.0,13.0,6.0,21.0,2.0,31.0,10.0,13.0,14.0,15.0,18.0,2.0,9.0,5.0,4.0,4.0,7.0,12.0,4.0,3.0,10.0,4.0,12.0,6.0,19.0,5.0,7.0,11.0,7.0,3.0,6.0,5.0,23.0,10.0,7.0,29.0,22.0,6.0,6.0,5.0,11.0,5.0,13.0,8.0,16.0,15.0,8.0,6.0,8.0,15.0,28.0,4.0,3.0,13.0,26.0,18.0,7.0,7.0,6.0,4.0,15.0,17.0,30.0,8.0,32.0,25.0,1.0,18.0,4.0,8.0,8.0,13.0,7.0,19.0,5.0,36.0,5.0,19.0,6.0,4.0,8.0,10.0,8.0,9.0,1.0,12.0,1.0,24.0,10.0,5.0,15.0,9.0,16.0,19.0,2.0,24.0,7.0,1.0,10.0,3.0,8.0,8.0,5.0,7.0,1.0,2.0,4.0,19.0,6.0,6.0,24.0,7.0,23.0,16.0
Zip Code: 98108,All Residential,30.0,38.0,40.0,38.0,50.0,10.0,63.0,77.0,37.0,22.0,32.0,32.0,41.0,36.0,34.0,69.0,39.0,31.0,66.0,49.0,79.0,40.0,29.0,33.0,40.0,41.0,36.0,22.0,23.0,58.0,47.0,47.0,46.0,32.0,19.0,54.0,41.0,33.0,37.0,50.0,40.0,21.0,29.0,21.0,36.0,33.0,39.0,54.0,36.0,14.0,27.0,37.0,31.0,27.0,43.0,22.0,21.0,42.0,37.0,36.0,30.0,25.0,65.0,34.0,63.0,61.0,44.0,27.0,36.0,28.0,44.0,20.0,34.0,64.0,41.0,32.0,49.0,58.0,41.0,35.0,47.0,16.0,15.0,31.0,53.0,40.0,22.0,41.0,35.0,16.0,32.0,40.0,53.0,26.0,69.0,70.0,37.0,40.0,24.0,20.0,26.0,31.0,14.0,66.0,14.0,65.0,42.0,49.0,19.0,25.0,13.0,33.0,21.0,25.0,27.0,73.0,19.0,23.0,64.0,29.0,29.0,25.0,42.0,44.0,50.0,59.0,20.0,35.0,53.0,26.0,26.0,22.0,21.0,76.0,15.0,35.0,11.0,42.0,49.0,30.0,62.0,46.0,45.0,31.0
Zip Code: 98108,Condo/Co-op,0.0,1.0,0.0,0.0,0.0,0.0,0.0,0.0,1.0,2.0,0.0,0.0,5.0,1.0,0.0,0.0,2.0,0.0,0.0,7.0,0.0,0.0,0.0,0.0,4.0,0.0,0.0,0.0,0.0,0.0,0.0,0.0,0.0,0.0,0.0,0.0,0.0,2.0,1.0,0.0,7.0,0.0,0.0,0.0,1.0,0.0,0.0,1.0,0.0,0.0,0.0,0.0,0.0,0.0,0.0,0.0,0.0,0.0,0.0,0.0,7.0,0.0,5.0,0.0,0.0,0.0,1.0,0.0,0.0,0.0,1.0,1.0,0.0,0.0,1.0,0.0,0.0,0.0,0.0,0.0,3.0,1.0,0.0,2.0,1.0,2.0,0.0,0.0,0.0,0.0,0.0,1.0,0.0,0.0,5.0,6.0,0.0,0.0,0.0,0.0,1.0,8.0,0.0,0.0,0.0,0.0,0.0,7.0,0.0,1.0,0.0,0.0,0.0,0.0,0.0,0.0,0.0,0.0,0.0,0.0,0.0,0.0,0.0,5.0,0.0,6.0,2.0,0.0,0.0,0.0,0.0,0.0,2.0,0.0,0.0,0.0,0.0,1.0,0.0,0.0,6.0,0.0,1.0,0.0
Zip Code: 98108,Multi-Family (2-4 Unit),2.0,0.0,1.0,2.0,0.0,0.0,1.0,0.0,0.0,2.0,0.0,0.0,0.0,1.0,1.0,2.0,0.0,2.0,0.0,0.0,0.0,0.0,1.0,0.0,3.0,0.0,0.0,1.0,0.0,2.0,2.0,1.0,0.0,0.0,1.0,1.0,0.0,3.0,0.0,0.0,0.0,0.0,0.0,0.0,0.0,2.0,1.0,0.0,0.0,0.0,0.0,0.0,0.0,1.0,0.0,0.0,1.0,0.0,0.0,3.0,2.0,1.0,1.0,0.0,0.0,1.0,1.0,0.0,1.0,2.0,0.0,1.0,0.0,0.0,0.0,1.0,0.0,2.0,0.0,1.0,3.0,0.0,0.0,1.0,4.0,0.0,0.0,0.0,0.0,0.0,0.0,1.0,0.0,0.0,0.0,2.0,2.0,0.0,1.0,1.0,1.0,2.0,0.0,1.0,2.0,1.0,0.0,0.0,1.0,2.0,1.0,2.0,2.0,1.0,0.0,0.0,0.0,2.0,0.0,0.0,0.0,1.0,0.0,0.0,0.0,0.0,1.0,0.0,2.0,0.0,0.0,0.0,1.0,0.0,0.0,1.0,0.0,0.0,0.0,0.0,2.0,2.0,3.0,0.0
Zip Code: 98108,Single Family Residential,22.0,34.0,38.0,26.0,39.0,8.0,31.0,63.0,32.0,13.0,14.0,22.0,30.0,22.0,29.0,42.0,25.0,27.0,54.0,27.0,65.0,40.0,16.0,23.0,29.0,38.0,27.0,21.0,11.0,31.0,40.0,25.0,31.0,24.0,18.0,31.0,26.0,21.0,24.0,36.0,17.0,17.0,18.0,19.0,28.0,27.0,35.0,44.0,34.0,3.0,14.0,31.0,22.0,18.0,31.0,19.0,14.0,41.0,30.0,29.0,13.0,20.0,50.0,31.0,51.0,46.0,32.0,21.0,31.0,24.0,31.0,16.0,26.0,55.0,24.0,20.0,42.0,50.0,34.0,22.0,31.0,13.0,4.0,20.0,35.0,27.0,17.0,36.0,35.0,12.0,24.0,30.0,36.0,22.0,51.0,51.0,34.0,24.0,21.0,17.0,22.0,14.0,7.0,51.0,11.0,41.0,31.0,28.0,18.0,21.0,10.0,27.0,18.0,21.0,24.0,61.0,14.0,12.0,54.0,23.0,18.0,14.0,22.0,33.0,41.0,31.0,15.0,31.0,33.0,21.0,23.0,18.0,12.0,63.0,12.0,30.0,10.0,24.0,39.0,27.0,42.0,38.0,29.0,22.0
Zip Code: 98108,Townhouse,6.0,3.0,1.0,8.0,11.0,2.0,25.0,9.0,4.0,5.0,17.0,6.0,6.0,12.0,4.0,18.0,12.0,2.0,8.0,14.0,11.0,0.0,8.0,10.0,4.0,3.0,8.0,0.0,7.0,20.0,4.0,16.0,13.0,8.0,0.0,17.0,7.0,7.0,11.0,9.0,14.0,3.0,6.0,2.0,7.0,3.0,3.0,9.0,0.0,10.0,8.0,5.0,8.0,8.0,7.0,2.0,5.0,1.0,7.0,4.0,8.0,4.0,9.0,2.0,7.0,14.0,10.0,5.0,4.0,2.0,12.0,2.0,6.0,5.0,15.0,6.0,7.0,5.0,5.0,12.0,10.0,2.0,9.0,8.0,13.0,8.0,5.0,4.0,0.0,3.0,8.0,8.0,13.0,4.0,13.0,11.0,0.0,11.0,2.0,2.0,2.0,7.0,5.0,13.0,0.0,16.0,8.0,12.0,0.0,1.0,1.0,3.0,1.0,3.0,1.0,6.0,4.0,8.0,6.0,5.0,6.0,6.0,12.0,6.0,9.0,21.0,2.0,2.0,18.0,4.0,0.0,4.0,6.0,9.0,2.0,4.0,1.0,17.0,8.0,2.0,12.0,6.0,12.0,4.0
Zip Code: 98109,All Residential,36.0,48.0,52.0,44.0,80.0,26.0,119.0,61.0,45.0,35.0,28.0,44.0,34.0,59.0,50.0,95.0,47.0,24.0,53.0,59.0,77.0,57.0,64.0,75.0,52.0,45.0,38.0,29.0,56.0,109.0,39.0,105.0,39.0,69.0,36.0,68.0,42.0,39.0,54.0,70.0,67.0,11.0,32.0,31.0,47.0,41.0,28.0,51.0,31.0,30.0,39.0,34.0,59.0,50.0,61.0,21.0,19.0,59.0,58.0,54.0,64.0,43.0,59.0,44.0,66.0,79.0,41.0,41.0,36.0,49.0,41.0,19.0,54.0,66.0,80.0,71.0,70.0,46.0,49.0,64.0,59.0,43.0,15.0,51.0,51.0,41.0,37.0,35.0,31.0,18.0,79.0,54.0,67.0,57.0,68.0,70.0,40.0,84.0,25.0,23.0,19.0,68.0,43.0,75.0,20.0,95.0,44.0,69.0,37.0,29.0,12.0,44.0,20.0,28.0,20.0,75.0,15.0,68.0,65.0,28.0,64.0,58.0,73.0,45.0,67.0,125.0,54.0,24.0,43.0,24.0,46.0,47.0,26.0,71.0,15.0,39.0,25.0,110.0,66.0,38.0,81.0,42.0,79.0,47.0
Zip Code: 98109,Condo/Co-op,18.0,31.0,35.0,34.0,52.0,18.0,68.0,38.0,31.0,24.0,19.0,21.0,25.0,44.0,31.0,64.0,33.0,12.0,34.0,38.0,52.0,34.0,45.0,47.0,36.0,32.0,16.0,19.0,32.0,63.0,28.0,64.0,25.0,36.0,25.0,54.0,23.0,28.0,34.0,53.0,38.0,5.0,23.0,20.0,31.0,32.0,14.0,28.0,22.0,25.0,26.0,25.0,40.0,29.0,35.0,8.0,8.0,39.0,34.0,32.0,40.0,27.0,39.0,22.0,41.0,49.0,27.0,27.0,19.0,35.0,26.0,7.0,43.0,42.0,49.0,40.0,45.0,31.0,38.0,43.0,38.0,27.0,11.0,34.0,34.0,29.0,22.0,15.0,16.0,8.0,49.0,34.0,38.0,34.0,43.0,44.0,29.0,48.0,12.0,15.0,10.0,42.0,36.0,43.0,13.0,65.0,34.0,46.0,29.0,17.0,6.0,24.0,13.0,12.0,8.0,48.0,6.0,40.0,42.0,8.0,34.0,33.0,52.0,28.0,44.0,79.0,33.0,17.0,28.0,13.0,33.0,25.0,16.0,48.0,6.0,26.0,18.0,68.0,47.0,24.0,56.0,26.0,46.0,25.0
Zip Code: 98109,Multi-Family (2-4 Unit),0.0,0.0,1.0,0.0,0.0,0.0,4.0,1.0,0.0,1.0,0.0,0.0,1.0,0.0,0.0,2.0,0.0,1.0,1.0,1.0,2.0,0.0,4.0,0.0,2.0,0.0,2.0,3.0,2.0,0.0,1.0,0.0,0.0,2.0,4.0,0.0,0.0,1.0,1.0,0.0,3.0,1.0,2.0,0.0,0.0,0.0,1.0,1.0,1.0,0.0,1.0,0.0,3.0,3.0,0.0,1.0,2.0,0.0,4.0,0.0,4.0,3.0,2.0,1.0,1.0,0.0,0.0,2.0,0.0,0.0,2.0,0.0,0.0,1.0,5.0,0.0,1.0,1.0,0.0,0.0,0.0,1.0,0.0,1.0,2.0,0.0,1.0,1.0,4.0,2.0,3.0,1.0,0.0,3.0,2.0,1.0,0.0,0.0,1.0,0.0,1.0,2.0,0.0,2.0,1.0,3.0,0.0,1.0,1.0,1.0,0.0,1.0,1.0,0.0,2.0,3.0,0.0,5.0,1.0,0.0,2.0,5.0,0.0,2.0,3.0,4.0,1.0,1.0,0.0,2.0,0.0,4.0,0.0,2.0,2.0,0.0,2.0,8.0,0.0,0.0,1.0,2.0,0.0,0.0
Zip Code: 98109,Single Family Residential,11.0,12.0,15.0,8.0,14.0,4.0,24.0,17.0,12.0,5.0,6.0,8.0,4.0,7.0,11.0,21.0,12.0,7.0,14.0,10.0,13.0,17.0,9.0,14.0,8.0,11.0,15.0,7.0,14.0,20.0,5.0,25.0,10.0,15.0,7.0,7.0,9.0,5.0,11.0,10.0,13.0,2.0,6.0,8.0,14.0,9.0,9.0,13.0,8.0,1.0,9.0,6.0,8.0,12.0,11.0,8.0,4.0,17.0,15.0,11.0,11.0,10.0,8.0,14.0,18.0,18.0,7.0,11.0,9.0,8.0,9.0,4.0,3.0,17.0,7.0,17.0,15.0,8.0,11.0,14.0,11.0,10.0,2.0,8.0,8.0,7.0,12.0,14.0,10.0,7.0,13.0,13.0,14.0,14.0,12.0,17.0,6.0,20.0,9.0,5.0,4.0,10.0,2.0,19.0,3.0,18.0,9.0,13.0,7.0,7.0,5.0,13.0,4.0,7.0,7.0,16.0,4.0,6.0,13.0,14.0,15.0,9.0,12.0,8.0,13.0,19.0,12.0,6.0,10.0,7.0,7.0,12.0,5.0,12.0,4.0,9.0,3.0,13.0,14.0,11.0,17.0,11.0,17.0,7.0
Zip Code: 98109,Townhouse,6.0,5.0,1.0,2.0,13.0,3.0,23.0,5.0,2.0,5.0,3.0,11.0,4.0,8.0,5.0,8.0,2.0,4.0,4.0,10.0,0.0,4.0,6.0,12.0,6.0,2.0,5.0,0.0,8.0,21.0,5.0,11.0,4.0,16.0,0.0,6.0,10.0,5.0,8.0,7.0,13.0,3.0,1.0,2.0,2.0,0.0,4.0,9.0,0.0,4.0,3.0,3.0,8.0,6.0,12.0,4.0,5.0,2.0,5.0,6.0,9.0,3.0,10.0,7.0,6.0,11.0,7.0,1.0,7.0,4.0,4.0,7.0,8.0,6.0,19.0,12.0,9.0,6.0,0.0,7.0,7.0,5.0,2.0,8.0,7.0,5.0,2.0,5.0,1.0,1.0,14.0,6.0,12.0,6.0,11.0,8.0,3.0,12.0,3.0,3.0,4.0,14.0,5.0,11.0,3.0,9.0,1.0,9.0,0.0,4.0,1.0,6.0,2.0,8.0,3.0,8.0,3.0,17.0,9.0,6.0,13.0,11.0,9.0,7.0,7.0,23.0,8.0,0.0,2.0,2.0,2.0,6.0,4.0,9.0,3.0,4.0,2.0,21.0,5.0,3.0,7.0,3.0,14.0,11.0
Zip Code: 98112,All Residential,37.0,56.0,34.0,34.0,52.0,17.0,92.0,82.0,60.0,16.0,23.0,29.0,36.0,32.0,66.0,59.0,43.0,39.0,68.0,38.0,84.0,47.0,45.0,41.0,37.0,52.0,31.0,36.0,46.0,83.0,53.0,70.0,37.0,43.0,49.0,54.0,28.0,34.0,36.0,48.0,43.0,18.0,35.0,24.0,38.0,35.0,31.0,58.0,33.0,11.0,32.0,42.0,35.0,53.0,34.0,25.0,25.0,57.0,70.0,67.0,54.0,42.0,66.0,51.0,79.0,61.0,45.0,41.0,38.0,56.0,45.0,19.0,31.0,73.0,48.0,45.0,71.0,54.0,48.0,31.0,45.0,28.0,13.0,28.0,50.0,36.0,34.0,41.0,34.0,26.0,48.0,38.0,48.0,73.0,66.0,54.0,55.0,53.0,38.0,42.0,28.0,43.0,21.0,66.0,31.0,70.0,41.0,39.0,47.0,32.0,33.0,43.0,37.0,26.0,24.0,100.0,21.0,43.0,100.0,37.0,36.0,46.0,32.0,44.0,61.0,85.0,19.0,22.0,50.0,30.0,57.0,44.0,18.0,78.0,22.0,35.0,16.0,58.0,65.0,40.0,65.0,31.0,45.0,19.0
Zip Code: 98112,Condo/Co-op,3.0,11.0,3.0,7.0,10.0,8.0,18.0,17.0,13.0,5.0,8.0,7.0,6.0,6.0,11.0,7.0,6.0,6.0,16.0,9.0,13.0,5.0,10.0,10.0,8.0,9.0,3.0,6.0,10.0,15.0,13.0,17.0,7.0,9.0,11.0,4.0,6.0,10.0,10.0,6.0,10.0,3.0,4.0,2.0,5.0,8.0,3.0,11.0,3.0,2.0,5.0,7.0,5.0,12.0,6.0,2.0,3.0,8.0,12.0,16.0,12.0,7.0,11.0,9.0,17.0,12.0,8.0,9.0,9.0,11.0,4.0,5.0,8.0,18.0,12.0,10.0,11.0,10.0,9.0,5.0,10.0,7.0,2.0,9.0,13.0,9.0,7.0,6.0,4.0,4.0,11.0,10.0,6.0,15.0,10.0,9.0,14.0,14.0,3.0,5.0,7.0,11.0,4.0,10.0,4.0,8.0,8.0,10.0,7.0,6.0,4.0,5.0,3.0,6.0,3.0,18.0,2.0,10.0,17.0,5.0,6.0,11.0,5.0,6.0,11.0,17.0,4.0,1.0,5.0,3.0,9.0,10.0,7.0,12.0,3.0,5.0,3.0,14.0,11.0,6.0,10.0,5.0,7.0,4.0
Zip Code: 98112,Multi-Family (2-4 Unit),0.0,3.0,3.0,0.0,0.0,0.0,2.0,1.0,3.0,1.0,0.0,0.0,2.0,0.0,0.0,0.0,0.0,0.0,0.0,1.0,0.0,3.0,0.0,0.0,0.0,3.0,1.0,1.0,1.0,1.0,0.0,0.0,0.0,2.0,2.0,0.0,0.0,0.0,1.0,0.0,0.0,0.0,2.0,0.0,0.0,0.0,1.0,2.0,3.0,0.0,0.0,2.0,0.0,0.0,0.0,0.0,0.0,4.0,1.0,2.0,0.0,0.0,0.0,0.0,2.0,1.0,0.0,0.0,0.0,0.0,2.0,0.0,0.0,1.0,0.0,0.0,0.0,0.0,0.0,0.0,0.0,1.0,0.0,1.0,0.0,0.0,0.0,1.0,0.0,1.0,0.0,1.0,0.0,1.0,0.0,0.0,0.0,0.0,0.0,1.0,2.0,0.0,0.0,2.0,0.0,0.0,0.0,0.0,4.0,1.0,0.0,2.0,1.0,0.0,1.0,2.0,1.0,0.0,1.0,0.0,0.0,0.0,0.0,2.0,0.0,2.0,0.0,2.0,2.0,1.0,0.0,1.0,0.0,2.0,1.0,2.0,0.0,2.0,0.0,2.0,0.0,0.0,0.0,0.0
Zip Code: 98112,Single Family Residential,32.0,42.0,28.0,23.0,34.0,8.0,45.0,63.0,43.0,10.0,12.0,18.0,23.0,25.0,49.0,44.0,35.0,31.0,51.0,19.0,67.0,39.0,24.0,24.0,27.0,38.0,27.0,27.0,28.0,44.0,38.0,41.0,26.0,30.0,31.0,44.0,19.0,21.0,24.0,37.0,28.0,12.0,23.0,20.0,31.0,25.0,26.0,38.0,24.0,7.0,19.0,30.0,22.0,36.0,22.0,18.0,15.0,44.0,52.0,48.0,25.0,30.0,44.0,40.0,58.0,38.0,32.0,27.0,24.0,43.0,32.0,13.0,21.0,52.0,23.0,28.0,53.0,43.0,36.0,24.0,34.0,17.0,8.0,17.0,34.0,20.0,25.0,32.0,25.0,21.0,32.0,22.0,32.0,52.0,50.0,38.0,39.0,31.0,34.0,34.0,18.0,26.0,11.0,44.0,26.0,49.0,30.0,20.0,32.0,24.0,24.0,34.0,31.0,18.0,19.0,78.0,17.0,22.0,79.0,26.0,23.0,22.0,22.0,32.0,46.0,42.0,15.0,18.0,37.0,26.0,45.0,26.0,11.0,62.0,16.0,27.0,9.0,28.0,50.0,29.0,48.0,24.0,29.0,13.0
Zip Code: 98112,Townhouse,1.0,0.0,0.0,4.0,8.0,1.0,27.0,1.0,1.0,0.0,3.0,4.0,5.0,1.0,5.0,8.0,1.0,2.0,1.0,9.0,3.0,0.0,11.0,7.0,1.0,2.0,0.0,2.0,7.0,23.0,2.0,12.0,3.0,2.0,5.0,6.0,3.0,1.0,1.0,5.0,5.0,3.0,6.0,2.0,1.0,2.0,1.0,7.0,3.0,2.0,7.0,3.0,8.0,5.0,6.0,4.0,7.0,1.0,5.0,1.0,17.0,5.0,11.0,2.0,2.0,10.0,5.0,5.0,4.0,2.0,7.0,0.0,2.0,2.0,13.0,7.0,7.0,1.0,3.0,2.0,1.0,3.0,3.0,1.0,3.0,7.0,2.0,2.0,2.0,0.0,5.0,5.0,10.0,5.0,6.0,7.0,2.0,7.0,1.0,2.0,1.0,6.0,6.0,10.0,1.0,13.0,3.0,7.0,4.0,1.0,5.0,2.0,2.0,1.0,1.0,2.0,1.0,11.0,3.0,6.0,7.0,13.0,5.0,4.0,4.0,24.0,0.0,1.0,6.0,0.0,3.0,7.0,0.0,2.0,2.0,1.0,4.0,14.0,4.0,3.0,7.0,2.0,9.0,2.0
Zip Code: 98113,All Residential,0.0,0.0,0.0,0.0,0.0,0.0,0.0,0.0,0.0,0.0,0.0,0.0,0.0,0.0,0.0,0.0,0.0,0.0,0.0,0.0,0.0,0.0,0.0,0.0,0.0,0.0,0.0,0.0,0.0,0.0,0.0,0.0,0.0,0.0,0.0,0.0,0.0,0.0,0.0,0.0,0.0,0.0,0.0,0.0,0.0,0.0,0.0,0.0,0.0,0.0,0.0,0.0,0.0,0.0,0.0,0.0,0.0,0.0,0.0,0.0,0.0,0.0,0.0,0.0,0.0,0.0,0.0,0.0,0.0,0.0,0.0,0.0,0.0,0.0,0.0,0.0,0.0,0.0,0.0,0.0,0.0,0.0,0.0,0.0,0.0,0.0,0.0,0.0,0.0,0.0,0.0,0.0,0.0,0.0,0.0,0.0,0.0,0.0,0.0,0.0,0.0,0.0,0.0,0.0,0.0,0.0,0.0,0.0,0.0,0.0,0.0,0.0,0.0,0.0,0.0,0.0,0.0,0.0,0.0,0.0,0.0,0.0,0.0,0.0,0.0,0.0,0.0,0.0,0.0,0.0,0.0,0.0,0.0,0.0,0.0,0.0,0.0,0.0,0.0,0.0,0.0,0.0,0.0,0.0
Zip Code: 98113,Single Family Residential,0.0,0.0,0.0,0.0,0.0,0.0,0.0,0.0,0.0,0.0,0.0,0.0,0.0,0.0,0.0,0.0,0.0,0.0,0.0,0.0,0.0,0.0,0.0,0.0,0.0,0.0,0.0,0.0,0.0,0.0,0.0,0.0,0.0,0.0,0.0,0.0,0.0,0.0,0.0,0.0,0.0,0.0,0.0,0.0,0.0,0.0,0.0,0.0,0.0,0.0,0.0,0.0,0.0,0.0,0.0,0.0,0.0,0.0,0.0,0.0,0.0,0.0,0.0,0.0,0.0,0.0,0.0,0.0,0.0,0.0,0.0,0.0,0.0,0.0,0.0,0.0,0.0,0.0,0.0,0.0,0.0,0.0,0.0,0.0,0.0,0.0,0.0,0.0,0.0,0.0,0.0,0.0,0.0,0.0,0.0,0.0,0.0,0.0,0.0,0.0,0.0,0.0,0.0,0.0,0.0,0.0,0.0,0.0,0.0,0.0,0.0,0.0,0.0,0.0,0.0,0.0,0.0,0.0,0.0,0.0,0.0,0.0,0.0,0.0,0.0,0.0,0.0,0.0,0.0,0.0,0.0,0.0,0.0,0.0,0.0,0.0,0.0,0.0,0.0,0.0,0.0,0.0,0.0,0.0
Zip Code: 98115,All Residential,56.0,65.0,45.0,37.0,86.0,26.0,72.0,110.0,48.0,30.0,41.0,38.0,36.0,54.0,80.0,119.0,36.0,49.0,92.0,49.0,86.0,76.0,44.0,54.0,58.0,57.0,45.0,38.0,52.0,81.0,62.0,66.0,27.0,72.0,35.0,77.0,42.0,63.0,60.0,68.0,61.0,22.0,35.0,50.0,45.0,37.0,42.0,81.0,34.0,17.0,47.0,53.0,53.0,32.0,73.0,36.0,24.0,77.0,89.0,61.0,51.0,41.0,101.0,72.0,97.0,103.0,54.0,38.0,42.0,43.0,82.0,12.0,36.0,98.0,49.0,76.0,81.0,73.0,46.0,52.0,66.0,43.0,17.0,46.0,55.0,60.0,55.0,58.0,42.0,30.0,75.0,68.0,77.0,106.0,133.0,117.0,54.0,72.0,47.0,38.0,16.0,52.0,23.0,118.0,34.0,116.0,38.0,53.0,37.0,33.0,32.0,61.0,28.0,23.0,38.0,94.0,22.0,51.0,104.0,50.0,61.0,43.0,63.0,66.0,82.0,81.0,47.0,26.0,60.0,33.0,50.0,41.0,31.0,94.0,26.0,68.0,23.0,60.0,76.0,52.0,128.0,43.0,82.0,42.0
Zip Code: 98115,Condo/Co-op,15.0,12.0,6.0,11.0,17.0,4.0,27.0,25.0,9.0,6.0,12.0,8.0,8.0,10.0,17.0,22.0,5.0,14.0,24.0,10.0,28.0,14.0,8.0,9.0,13.0,12.0,16.0,7.0,8.0,18.0,18.0,14.0,3.0,11.0,6.0,22.0,5.0,19.0,18.0,13.0,14.0,4.0,6.0,12.0,12.0,9.0,17.0,16.0,8.0,6.0,5.0,4.0,12.0,4.0,13.0,7.0,0.0,14.0,17.0,11.0,8.0,5.0,26.0,11.0,24.0,19.0,11.0,2.0,6.0,11.0,15.0,2.0,9.0,34.0,16.0,15.0,19.0,22.0,11.0,14.0,17.0,12.0,3.0,13.0,14.0,8.0,7.0,23.0,13.0,8.0,16.0,16.0,17.0,19.0,25.0,29.0,13.0,15.0,12.0,8.0,3.0,5.0,7.0,22.0,3.0,20.0,7.0,11.0,10.0,2.0,2.0,11.0,5.0,3.0,13.0,28.0,10.0,14.0,29.0,10.0,14.0,10.0,13.0,16.0,18.0,21.0,7.0,7.0,14.0,8.0,15.0,5.0,6.0,33.0,11.0,11.0,0.0,17.0,18.0,13.0,31.0,6.0,15.0,8.0
Zip Code: 98115,Multi-Family (2-4 Unit),1.0,2.0,4.0,1.0,1.0,2.0,3.0,2.0,2.0,0.0,0.0,0.0,0.0,0.0,1.0,1.0,0.0,0.0,0.0,1.0,2.0,3.0,2.0,0.0,0.0,0.0,0.0,2.0,0.0,2.0,1.0,0.0,0.0,0.0,1.0,1.0,1.0,0.0,0.0,0.0,2.0,0.0,0.0,3.0,1.0,2.0,0.0,1.0,2.0,2.0,0.0,3.0,2.0,0.0,1.0,0.0,0.0,3.0,1.0,3.0,2.0,0.0,0.0,1.0,4.0,1.0,1.0,1.0,2.0,1.0,0.0,0.0,1.0,2.0,4.0,1.0,4.0,0.0,0.0,0.0,0.0,1.0,3.0,0.0,0.0,1.0,2.0,1.0,1.0,0.0,0.0,0.0,0.0,3.0,1.0,0.0,0.0,0.0,0.0,2.0,0.0,2.0,2.0,2.0,1.0,1.0,0.0,2.0,1.0,0.0,0.0,2.0,1.0,0.0,1.0,0.0,0.0,4.0,3.0,0.0,1.0,2.0,0.0,0.0,1.0,3.0,1.0,2.0,0.0,2.0,1.0,0.0,0.0,3.0,0.0,3.0,3.0,4.0,4.0,1.0,0.0,2.0,0.0,0.0
Zip Code: 98115,Single Family Residential,39.0,48.0,28.0,22.0,54.0,11.0,31.0,76.0,36.0,17.0,20.0,20.0,12.0,39.0,59.0,81.0,30.0,28.0,63.0,23.0,47.0,48.0,21.0,34.0,31.0,37.0,28.0,26.0,28.0,48.0,38.0,35.0,22.0,48.0,25.0,36.0,24.0,32.0,34.0,40.0,22.0,13.0,15.0,27.0,32.0,23.0,19.0,51.0,20.0,3.0,26.0,44.0,27.0,27.0,49.0,20.0,20.0,50.0,61.0,45.0,24.0,34.0,54.0,57.0,59.0,68.0,27.0,34.0,32.0,31.0,59.0,10.0,13.0,56.0,15.0,44.0,56.0,48.0,28.0,33.0,33.0,19.0,4.0,24.0,28.0,38.0,43.0,32.0,25.0,21.0,47.0,41.0,50.0,76.0,85.0,66.0,36.0,32.0,30.0,25.0,11.0,17.0,6.0,82.0,25.0,77.0,28.0,22.0,24.0,30.0,20.0,43.0,15.0,19.0,21.0,54.0,10.0,19.0,64.0,34.0,31.0,17.0,38.0,33.0,56.0,44.0,26.0,14.0,41.0,21.0,34.0,34.0,18.0,50.0,13.0,49.0,12.0,27.0,50.0,34.0,79.0,34.0,56.0,26.0
Zip Code: 98115,Townhouse,1.0,3.0,7.0,3.0,14.0,9.0,11.0,7.0,1.0,4.0,9.0,9.0,16.0,5.0,3.0,15.0,1.0,7.0,5.0,15.0,9.0,11.0,13.0,11.0,11.0,6.0,1.0,3.0,16.0,13.0,5.0,16.0,2.0,13.0,3.0,18.0,12.0,8.0,6.0,14.0,23.0,5.0,14.0,8.0,0.0,3.0,6.0,13.0,4.0,6.0,16.0,2.0,12.0,1.0,10.0,9.0,4.0,10.0,10.0,2.0,17.0,2.0,21.0,3.0,10.0,15.0,15.0,1.0,2.0,0.0,8.0,0.0,13.0,6.0,14.0,16.0,2.0,3.0,3.0,5.0,15.0,11.0,7.0,7.0,12.0,13.0,3.0,2.0,3.0,1.0,12.0,9.0,10.0,8.0,22.0,22.0,5.0,23.0,3.0,3.0,2.0,28.0,8.0,12.0,5.0,18.0,3.0,18.0,2.0,1.0,10.0,5.0,7.0,1.0,3.0,9.0,2.0,14.0,8.0,6.0,15.0,14.0,12.0,17.0,7.0,13.0,13.0,3.0,5.0,2.0,0.0,1.0,7.0,8.0,2.0,5.0,8.0,12.0,4.0,4.0,17.0,1.0,10.0,8.0
Zip Code: 98116,All Residential,41.0,67.0,40.0,54.0,64.0,30.0,92.0,82.0,71.0,36.0,36.0,31.0,36.0,37.0,85.0,68.0,62.0,32.0,73.0,55.0,70.0,60.0,36.0,47.0,54.0,59.0,33.0,57.0,35.0,98.0,48.0,87.0,59.0,49.0,56.0,67.0,20.0,45.0,46.0,35.0,52.0,34.0,33.0,31.0,66.0,52.0,41.0,52.0,36.0,15.0,32.0,49.0,51.0,48.0,42.0,38.0,35.0,77.0,97.0,58.0,59.0,54.0,53.0,73.0,82.0,80.0,28.0,31.0,50.0,59.0,62.0,29.0,37.0,71.0,43.0,53.0,81.0,67.0,60.0,46.0,46.0,28.0,21.0,45.0,37.0,25.0,45.0,41.0,52.0,16.0,56.0,55.0,51.0,86.0,63.0,62.0,57.0,76.0,29.0,34.0,29.0,48.0,29.0,80.0,29.0,75.0,56.0,59.0,50.0,34.0,31.0,46.0,29.0,32.0,18.0,88.0,10.0,39.0,91.0,44.0,52.0,44.0,42.0,51.0,101.0,74.0,24.0,31.0,41.0,24.0,57.0,52.0,29.0,71.0,12.0,52.0,20.0,59.0,69.0,46.0,67.0,54.0,51.0,28.0
Zip Code: 98116,Condo/Co-op,9.0,18.0,6.0,26.0,13.0,11.0,33.0,31.0,26.0,12.0,11.0,14.0,7.0,9.0,35.0,12.0,20.0,3.0,26.0,28.0,23.0,10.0,15.0,19.0,18.0,17.0,4.0,12.0,11.0,30.0,18.0,30.0,22.0,17.0,15.0,13.0,8.0,13.0,15.0,8.0,24.0,5.0,9.0,6.0,22.0,23.0,6.0,9.0,5.0,9.0,9.0,16.0,24.0,10.0,17.0,5.0,6.0,16.0,29.0,25.0,22.0,8.0,10.0,14.0,30.0,19.0,10.0,9.0,13.0,22.0,9.0,8.0,17.0,28.0,17.0,18.0,25.0,21.0,22.0,8.0,12.0,12.0,10.0,13.0,14.0,7.0,12.0,5.0,11.0,7.0,26.0,14.0,15.0,28.0,13.0,14.0,23.0,29.0,2.0,9.0,5.0,20.0,15.0,19.0,6.0,13.0,24.0,20.0,23.0,6.0,3.0,11.0,3.0,8.0,3.0,31.0,1.0,16.0,34.0,6.0,14.0,20.0,10.0,9.0,30.0,30.0,9.0,7.0,6.0,6.0,23.0,15.0,10.0,21.0,3.0,12.0,7.0,25.0,23.0,14.0,18.0,6.0,16.0,10.0
Zip Code: 98116,Multi-Family (2-4 Unit),1.0,3.0,0.0,0.0,2.0,2.0,9.0,0.0,2.0,0.0,0.0,0.0,1.0,2.0,0.0,1.0,5.0,1.0,0.0,2.0,0.0,0.0,4.0,1.0,0.0,2.0,1.0,1.0,0.0,9.0,0.0,5.0,0.0,1.0,2.0,1.0,0.0,0.0,3.0,0.0,3.0,1.0,1.0,1.0,3.0,3.0,2.0,0.0,3.0,2.0,1.0,3.0,2.0,4.0,2.0,1.0,3.0,0.0,5.0,0.0,5.0,5.0,0.0,3.0,2.0,0.0,0.0,3.0,0.0,0.0,4.0,0.0,2.0,1.0,4.0,0.0,2.0,0.0,3.0,2.0,2.0,1.0,2.0,3.0,1.0,0.0,6.0,2.0,3.0,0.0,1.0,2.0,2.0,0.0,0.0,0.0,0.0,3.0,1.0,1.0,2.0,5.0,2.0,0.0,2.0,1.0,0.0,3.0,2.0,3.0,4.0,2.0,1.0,0.0,1.0,3.0,1.0,4.0,2.0,3.0,0.0,2.0,1.0,1.0,4.0,8.0,1.0,0.0,2.0,0.0,0.0,6.0,0.0,3.0,0.0,3.0,4.0,7.0,3.0,2.0,0.0,3.0,1.0,1.0
Zip Code: 98116,Single Family Residential,26.0,43.0,24.0,20.0,36.0,12.0,31.0,41.0,41.0,17.0,14.0,9.0,18.0,18.0,43.0,42.0,33.0,24.0,39.0,16.0,42.0,33.0,13.0,19.0,26.0,33.0,25.0,36.0,14.0,36.0,25.0,34.0,23.0,22.0,32.0,41.0,7.0,20.0,20.0,24.0,14.0,17.0,20.0,18.0,37.0,21.0,30.0,32.0,22.0,2.0,17.0,28.0,17.0,28.0,19.0,19.0,17.0,44.0,50.0,29.0,26.0,33.0,27.0,38.0,44.0,43.0,16.0,13.0,26.0,29.0,39.0,11.0,11.0,34.0,17.0,25.0,48.0,39.0,30.0,28.0,23.0,13.0,8.0,21.0,18.0,14.0,18.0,30.0,30.0,6.0,20.0,32.0,28.0,43.0,36.0,36.0,28.0,30.0,15.0,14.0,15.0,17.0,6.0,45.0,17.0,51.0,20.0,22.0,21.0,15.0,19.0,29.0,18.0,16.0,13.0,51.0,7.0,13.0,51.0,23.0,22.0,15.0,21.0,22.0,58.0,26.0,11.0,18.0,27.0,11.0,27.0,21.0,13.0,44.0,4.0,31.0,5.0,23.0,36.0,26.0,39.0,29.0,23.0,14.0
Zip Code: 98116,Townhouse,5.0,3.0,5.0,5.0,13.0,5.0,19.0,10.0,2.0,5.0,8.0,7.0,10.0,8.0,6.0,13.0,4.0,4.0,8.0,9.0,3.0,12.0,4.0,8.0,6.0,7.0,3.0,8.0,9.0,23.0,5.0,18.0,8.0,9.0,7.0,12.0,5.0,10.0,8.0,3.0,11.0,11.0,3.0,6.0,4.0,5.0,3.0,8.0,6.0,2.0,5.0,2.0,8.0,6.0,4.0,13.0,9.0,14.0,13.0,4.0,6.0,8.0,15.0,18.0,6.0,16.0,2.0,6.0,9.0,8.0,10.0,9.0,7.0,8.0,5.0,10.0,6.0,7.0,5.0,8.0,9.0,2.0,1.0,8.0,4.0,4.0,9.0,4.0,8.0,3.0,9.0,7.0,6.0,10.0,12.0,11.0,6.0,14.0,11.0,10.0,7.0,6.0,6.0,15.0,4.0,10.0,7.0,14.0,4.0,10.0,5.0,4.0,7.0,7.0,1.0,3.0,1.0,6.0,4.0,12.0,13.0,7.0,10.0,19.0,9.0,10.0,3.0,3.0,6.0,7.0,6.0,10.0,4.0,3.0,4.0,6.0,4.0,4.0,7.0,4.0,9.0,16.0,11.0,3.0
Zip Code: 98117,All Residential,52.0,67.0,46.0,38.0,62.0,14.0,56.0,55.0,61.0,47.0,42.0,28.0,38.0,47.0,58.0,85.0,35.0,32.0,50.0,40.0,53.0,55.0,27.0,80.0,69.0,56.0,25.0,17.0,41.0,46.0,32.0,53.0,33.0,66.0,25.0,69.0,23.0,68.0,71.0,62.0,46.0,16.0,32.0,36.0,51.0,27.0,27.0,64.0,23.0,14.0,33.0,29.0,50.0,33.0,61.0,31.0,14.0,57.0,56.0,43.0,36.0,43.0,77.0,56.0,63.0,63.0,53.0,32.0,38.0,41.0,61.0,16.0,46.0,63.0,25.0,43.0,63.0,43.0,45.0,42.0,70.0,34.0,17.0,64.0,52.0,38.0,30.0,38.0,30.0,14.0,88.0,79.0,79.0,52.0,82.0,69.0,25.0,47.0,23.0,21.0,23.0,30.0,25.0,76.0,14.0,85.0,32.0,43.0,20.0,16.0,16.0,37.0,22.0,18.0,13.0,64.0,5.0,29.0,77.0,36.0,45.0,24.0,45.0,51.0,54.0,43.0,37.0,33.0,52.0,20.0,45.0,30.0,43.0,51.0,8.0,30.0,19.0,18.0,60.0,22.0,88.0,36.0,91.0,36.0
Zip Code: 98117,Condo/Co-op,3.0,7.0,5.0,6.0,1.0,0.0,8.0,4.0,6.0,8.0,7.0,2.0,1.0,3.0,6.0,8.0,4.0,1.0,0.0,4.0,3.0,4.0,1.0,4.0,10.0,4.0,1.0,1.0,1.0,4.0,1.0,4.0,4.0,5.0,0.0,6.0,3.0,11.0,7.0,3.0,3.0,2.0,3.0,4.0,6.0,3.0,0.0,3.0,2.0,1.0,2.0,1.0,3.0,0.0,4.0,3.0,1.0,3.0,9.0,5.0,3.0,2.0,3.0,3.0,5.0,3.0,8.0,0.0,4.0,3.0,1.0,1.0,4.0,5.0,3.0,2.0,9.0,0.0,6.0,1.0,10.0,2.0,2.0,9.0,8.0,3.0,0.0,2.0,1.0,2.0,9.0,8.0,7.0,8.0,7.0,4.0,1.0,3.0,0.0,2.0,0.0,5.0,1.0,4.0,1.0,6.0,3.0,3.0,1.0,0.0,0.0,4.0,2.0,1.0,1.0,7.0,0.0,4.0,8.0,3.0,2.0,2.0,3.0,3.0,9.0,7.0,1.0,3.0,1.0,2.0,7.0,2.0,7.0,5.0,0.0,3.0,1.0,2.0,5.0,1.0,7.0,3.0,5.0,1.0
Zip Code: 98117,Multi-Family (2-4 Unit),1.0,2.0,2.0,1.0,2.0,2.0,6.0,3.0,3.0,1.0,0.0,1.0,5.0,1.0,4.0,2.0,1.0,0.0,3.0,4.0,3.0,2.0,2.0,2.0,4.0,1.0,0.0,0.0,3.0,5.0,3.0,6.0,0.0,4.0,0.0,0.0,1.0,3.0,0.0,0.0,4.0,0.0,5.0,0.0,2.0,0.0,0.0,2.0,0.0,0.0,3.0,0.0,2.0,0.0,2.0,0.0,0.0,2.0,0.0,5.0,3.0,0.0,4.0,0.0,3.0,4.0,0.0,0.0,1.0,3.0,2.0,0.0,1.0,3.0,4.0,5.0,1.0,4.0,0.0,2.0,0.0,1.0,0.0,0.0,0.0,0.0,0.0,1.0,0.0,0.0,3.0,3.0,3.0,1.0,6.0,2.0,3.0,3.0,1.0,1.0,1.0,3.0,0.0,3.0,0.0,3.0,0.0,2.0,0.0,2.0,0.0,1.0,0.0,0.0,0.0,2.0,0.0,5.0,3.0,0.0,5.0,4.0,0.0,5.0,0.0,4.0,2.0,1.0,0.0,0.0,2.0,0.0,0.0,1.0,0.0,1.0,2.0,1.0,2.0,0.0,1.0,0.0,3.0,1.0
Zip Code: 98117,Single Family Residential,38.0,52.0,33.0,26.0,47.0,5.0,31.0,46.0,45.0,11.0,19.0,12.0,14.0,32.0,41.0,60.0,28.0,26.0,46.0,19.0,46.0,43.0,14.0,44.0,27.0,43.0,23.0,12.0,28.0,28.0,27.0,31.0,27.0,32.0,24.0,45.0,7.0,18.0,24.0,41.0,24.0,14.0,13.0,28.0,38.0,22.0,26.0,48.0,20.0,5.0,23.0,26.0,27.0,28.0,33.0,27.0,12.0,46.0,38.0,28.0,18.0,34.0,46.0,46.0,52.0,47.0,22.0,28.0,28.0,31.0,48.0,10.0,19.0,53.0,10.0,30.0,42.0,38.0,35.0,29.0,29.0,22.0,6.0,20.0,20.0,20.0,29.0,31.0,28.0,10.0,46.0,25.0,50.0,33.0,48.0,45.0,20.0,33.0,21.0,16.0,18.0,11.0,12.0,54.0,13.0,56.0,28.0,19.0,17.0,12.0,15.0,31.0,17.0,13.0,9.0,46.0,3.0,11.0,62.0,29.0,30.0,9.0,31.0,20.0,36.0,27.0,17.0,24.0,39.0,15.0,34.0,27.0,15.0,42.0,6.0,24.0,7.0,10.0,47.0,20.0,62.0,28.0,54.0,18.0
Zip Code: 98117,Townhouse,10.0,6.0,6.0,5.0,12.0,7.0,11.0,2.0,7.0,27.0,16.0,13.0,18.0,11.0,7.0,15.0,2.0,5.0,1.0,13.0,1.0,6.0,10.0,30.0,28.0,8.0,1.0,4.0,9.0,9.0,1.0,12.0,2.0,25.0,1.0,15.0,12.0,36.0,38.0,17.0,15.0,0.0,11.0,4.0,5.0,2.0,1.0,11.0,1.0,8.0,5.0,2.0,18.0,4.0,22.0,1.0,1.0,6.0,9.0,5.0,12.0,7.0,24.0,7.0,3.0,9.0,20.0,4.0,5.0,4.0,10.0,5.0,22.0,2.0,8.0,6.0,11.0,1.0,3.0,10.0,28.0,9.0,9.0,34.0,21.0,13.0,1.0,4.0,1.0,2.0,30.0,43.0,19.0,10.0,21.0,18.0,1.0,8.0,1.0,2.0,4.0,11.0,12.0,15.0,0.0,20.0,1.0,19.0,2.0,2.0,1.0,1.0,3.0,4.0,3.0,9.0,2.0,9.0,4.0,4.0,8.0,9.0,10.0,23.0,9.0,5.0,17.0,5.0,10.0,3.0,2.0,1.0,21.0,3.0,2.0,2.0,9.0,5.0,6.0,1.0,18.0,5.0,29.0,16.0
Zip Code: 98118,All Residential,56.0,106.0,89.0,87.0,94.0,30.0,79.0,131.0,110.0,47.0,47.0,65.0,48.0,67.0,104.0,124.0,97.0,76.0,117.0,83.0,136.0,101.0,51.0,76.0,82.0,99.0,68.0,81.0,69.0,87.0,93.0,76.0,91.0,84.0,93.0,90.0,62.0,71.0,93.0,80.0,67.0,41.0,57.0,49.0,98.0,87.0,71.0,90.0,70.0,21.0,52.0,76.0,81.0,58.0,77.0,69.0,35.0,107.0,133.0,84.0,53.0,84.0,79.0,87.0,127.0,107.0,60.0,52.0,78.0,80.0,76.0,48.0,63.0,127.0,71.0,70.0,146.0,108.0,94.0,70.0,67.0,36.0,20.0,70.0,63.0,66.0,64.0,75.0,70.0,29.0,79.0,91.0,87.0,128.0,98.0,114.0,80.0,67.0,68.0,60.0,52.0,71.0,41.0,107.0,42.0,122.0,97.0,94.0,98.0,44.0,33.0,76.0,49.0,58.0,55.0,123.0,32.0,54.0,118.0,74.0,74.0,53.0,61.0,76.0,150.0,86.0,52.0,73.0,87.0,41.0,74.0,56.0,56.0,140.0,43.0,83.0,20.0,88.0,111.0,72.0,118.0,86.0,81.0,62.0
Zip Code: 98118,Condo/Co-op,4.0,8.0,5.0,5.0,4.0,0.0,3.0,5.0,7.0,6.0,5.0,3.0,4.0,3.0,2.0,4.0,5.0,2.0,4.0,6.0,4.0,4.0,1.0,6.0,6.0,4.0,0.0,3.0,3.0,4.0,5.0,8.0,5.0,2.0,7.0,4.0,3.0,5.0,9.0,1.0,2.0,2.0,3.0,5.0,6.0,3.0,3.0,6.0,5.0,0.0,4.0,5.0,4.0,1.0,6.0,2.0,1.0,4.0,4.0,1.0,0.0,1.0,4.0,2.0,5.0,6.0,2.0,1.0,5.0,2.0,5.0,3.0,5.0,6.0,6.0,4.0,8.0,5.0,4.0,4.0,3.0,2.0,0.0,9.0,2.0,4.0,0.0,1.0,2.0,0.0,4.0,8.0,5.0,3.0,6.0,7.0,2.0,2.0,1.0,1.0,1.0,1.0,2.0,6.0,1.0,5.0,5.0,5.0,12.0,3.0,0.0,5.0,0.0,4.0,1.0,7.0,1.0,4.0,5.0,2.0,3.0,6.0,1.0,4.0,6.0,4.0,3.0,4.0,6.0,1.0,2.0,0.0,6.0,7.0,0.0,5.0,0.0,7.0,4.0,4.0,7.0,4.0,6.0,4.0
Zip Code: 98118,Multi-Family (2-4 Unit),2.0,6.0,0.0,0.0,4.0,1.0,1.0,6.0,6.0,1.0,3.0,0.0,0.0,2.0,4.0,5.0,0.0,3.0,0.0,4.0,0.0,8.0,0.0,4.0,1.0,7.0,1.0,3.0,3.0,1.0,4.0,2.0,0.0,5.0,2.0,0.0,0.0,1.0,0.0,4.0,5.0,0.0,1.0,1.0,5.0,6.0,2.0,0.0,5.0,0.0,1.0,6.0,3.0,5.0,3.0,2.0,0.0,6.0,6.0,1.0,5.0,6.0,3.0,4.0,7.0,4.0,1.0,0.0,6.0,4.0,4.0,3.0,1.0,7.0,0.0,0.0,8.0,4.0,6.0,3.0,1.0,3.0,1.0,0.0,0.0,2.0,0.0,2.0,5.0,3.0,4.0,0.0,2.0,5.0,4.0,1.0,6.0,0.0,1.0,2.0,3.0,5.0,1.0,0.0,0.0,6.0,0.0,6.0,4.0,2.0,0.0,4.0,0.0,4.0,0.0,6.0,1.0,0.0,5.0,1.0,3.0,0.0,2.0,2.0,8.0,0.0,4.0,0.0,4.0,3.0,1.0,6.0,2.0,0.0,3.0,6.0,2.0,0.0,7.0,4.0,1.0,4.0,2.0,2.0
Zip Code: 98118,Single Family Residential,39.0,90.0,71.0,69.0,70.0,22.0,41.0,117.0,91.0,21.0,22.0,35.0,36.0,54.0,87.0,90.0,84.0,64.0,107.0,43.0,119.0,86.0,25.0,47.0,49.0,87.0,62.0,62.0,42.0,52.0,82.0,40.0,72.0,54.0,70.0,66.0,30.0,42.0,55.0,61.0,34.0,32.0,41.0,34.0,79.0,74.0,59.0,72.0,58.0,13.0,34.0,63.0,50.0,46.0,36.0,55.0,28.0,94.0,111.0,74.0,32.0,67.0,60.0,68.0,111.0,84.0,38.0,38.0,63.0,72.0,59.0,42.0,33.0,112.0,30.0,47.0,120.0,97.0,80.0,52.0,41.0,26.0,12.0,34.0,45.0,36.0,46.0,66.0,58.0,18.0,50.0,55.0,53.0,108.0,71.0,87.0,69.0,46.0,59.0,52.0,44.0,45.0,23.0,78.0,39.0,92.0,78.0,48.0,78.0,32.0,30.0,62.0,45.0,49.0,51.0,104.0,28.0,27.0,102.0,62.0,44.0,26.0,53.0,54.0,122.0,41.0,36.0,59.0,68.0,30.0,67.0,41.0,23.0,117.0,30.0,67.0,12.0,41.0,94.0,63.0,86.0,64.0,48.0,29.0
Zip Code: 98118,Townhouse,11.0,2.0,4.0,9.0,16.0,7.0,34.0,3.0,6.0,19.0,17.0,26.0,8.0,8.0,11.0,25.0,3.0,7.0,2.0,30.0,9.0,3.0,20.0,19.0,26.0,1.0,5.0,13.0,21.0,30.0,2.0,26.0,9.0,23.0,14.0,15.0,27.0,23.0,24.0,14.0,26.0,7.0,12.0,9.0,8.0,4.0,7.0,8.0,2.0,7.0,13.0,2.0,24.0,6.0,32.0,10.0,6.0,3.0,12.0,8.0,16.0,10.0,12.0,13.0,4.0,13.0,19.0,10.0,4.0,2.0,8.0,0.0,24.0,2.0,33.0,18.0,10.0,2.0,4.0,11.0,22.0,5.0,7.0,23.0,16.0,24.0,11.0,6.0,5.0,8.0,21.0,23.0,27.0,12.0,17.0,19.0,3.0,19.0,7.0,5.0,4.0,20.0,15.0,18.0,2.0,19.0,10.0,35.0,4.0,7.0,3.0,5.0,4.0,1.0,3.0,6.0,2.0,20.0,6.0,9.0,24.0,18.0,5.0,16.0,14.0,39.0,9.0,3.0,9.0,7.0,4.0,9.0,25.0,11.0,10.0,5.0,6.0,38.0,6.0,1.0,24.0,14.0,25.0,27.0
Zip Code: 98119,All Residential,30.0,56.0,51.0,53.0,82.0,21.0,102.0,72.0,40.0,35.0,38.0,35.0,37.0,64.0,74.0,95.0,41.0,30.0,66.0,51.0,70.0,57.0,40.0,52.0,45.0,54.0,40.0,34.0,52.0,89.0,49.0,72.0,44.0,63.0,35.0,74.0,26.0,45.0,49.0,71.0,54.0,20.0,31.0,28.0,50.0,57.0,28.0,70.0,28.0,20.0,38.0,39.0,45.0,37.0,39.0,23.0,25.0,61.0,80.0,60.0,53.0,53.0,84.0,43.0,67.0,88.0,39.0,31.0,36.0,53.0,73.0,20.0,47.0,62.0,57.0,65.0,93.0,50.0,62.0,61.0,36.0,25.0,13.0,46.0,29.0,34.0,43.0,34.0,33.0,22.0,55.0,58.0,56.0,75.0,81.0,72.0,51.0,63.0,30.0,29.0,27.0,53.0,35.0,107.0,36.0,99.0,41.0,59.0,32.0,29.0,29.0,36.0,34.0,32.0,25.0,70.0,18.0,55.0,68.0,32.0,52.0,50.0,64.0,68.0,90.0,94.0,42.0,36.0,50.0,29.0,53.0,45.0,32.0,71.0,17.0,37.0,16.0,73.0,76.0,39.0,82.0,35.0,69.0,26.0
Zip Code: 98119,Condo/Co-op,10.0,26.0,22.0,31.0,38.0,10.0,49.0,30.0,19.0,12.0,16.0,12.0,15.0,28.0,37.0,34.0,25.0,10.0,35.0,32.0,35.0,20.0,28.0,21.0,21.0,25.0,9.0,18.0,21.0,47.0,29.0,28.0,24.0,24.0,17.0,27.0,12.0,21.0,21.0,23.0,30.0,6.0,12.0,8.0,25.0,30.0,8.0,28.0,12.0,13.0,17.0,19.0,25.0,14.0,20.0,9.0,7.0,24.0,34.0,23.0,32.0,21.0,31.0,12.0,32.0,47.0,21.0,14.0,11.0,28.0,26.0,5.0,29.0,27.0,33.0,25.0,44.0,30.0,29.0,27.0,18.0,11.0,8.0,20.0,15.0,15.0,15.0,13.0,15.0,9.0,22.0,25.0,25.0,32.0,31.0,33.0,27.0,24.0,9.0,10.0,5.0,29.0,21.0,51.0,12.0,41.0,27.0,38.0,17.0,11.0,10.0,18.0,9.0,12.0,5.0,31.0,4.0,31.0,32.0,6.0,18.0,28.0,21.0,28.0,42.0,48.0,15.0,14.0,14.0,13.0,18.0,16.0,11.0,37.0,6.0,17.0,8.0,39.0,41.0,16.0,38.0,13.0,30.0,12.0
Zip Code: 98119,Multi-Family (2-4 Unit),2.0,3.0,1.0,2.0,3.0,2.0,8.0,2.0,3.0,3.0,3.0,4.0,1.0,3.0,5.0,4.0,2.0,1.0,2.0,2.0,0.0,1.0,3.0,6.0,1.0,4.0,3.0,0.0,1.0,6.0,0.0,6.0,3.0,5.0,1.0,4.0,0.0,2.0,0.0,5.0,3.0,0.0,2.0,2.0,3.0,1.0,1.0,2.0,0.0,0.0,2.0,1.0,2.0,2.0,2.0,0.0,0.0,3.0,7.0,5.0,4.0,1.0,3.0,1.0,0.0,0.0,1.0,1.0,0.0,3.0,5.0,0.0,2.0,2.0,0.0,2.0,7.0,0.0,3.0,0.0,2.0,1.0,0.0,0.0,1.0,1.0,5.0,1.0,0.0,0.0,5.0,3.0,0.0,7.0,3.0,2.0,1.0,4.0,0.0,0.0,0.0,3.0,0.0,3.0,0.0,2.0,4.0,5.0,0.0,1.0,2.0,1.0,0.0,0.0,2.0,0.0,2.0,2.0,1.0,1.0,1.0,4.0,3.0,4.0,8.0,7.0,4.0,0.0,2.0,1.0,4.0,3.0,3.0,1.0,0.0,1.0,1.0,2.0,4.0,2.0,2.0,2.0,6.0,2.0
Zip Code: 98119,Single Family Residential,8.0,20.0,20.0,10.0,21.0,7.0,28.0,34.0,12.0,15.0,10.0,14.0,4.0,14.0,24.0,28.0,7.0,12.0,22.0,11.0,26.0,27.0,8.0,19.0,20.0,18.0,22.0,13.0,14.0,22.0,11.0,19.0,12.0,19.0,13.0,28.0,6.0,19.0,21.0,25.0,17.0,11.0,4.0,11.0,11.0,13.0,14.0,26.0,14.0,6.0,8.0,16.0,10.0,20.0,11.0,12.0,13.0,24.0,27.0,22.0,11.0,25.0,26.0,24.0,29.0,21.0,11.0,16.0,15.0,17.0,25.0,8.0,11.0,27.0,9.0,21.0,26.0,12.0,19.0,15.0,15.0,11.0,4.0,19.0,12.0,14.0,18.0,18.0,12.0,8.0,19.0,26.0,19.0,30.0,25.0,17.0,16.0,19.0,16.0,14.0,15.0,17.0,10.0,35.0,22.0,32.0,4.0,11.0,12.0,15.0,14.0,14.0,20.0,13.0,15.0,35.0,8.0,11.0,32.0,22.0,17.0,11.0,22.0,16.0,22.0,21.0,17.0,15.0,22.0,12.0,23.0,25.0,11.0,31.0,9.0,16.0,4.0,14.0,20.0,17.0,18.0,16.0,24.0,7.0
Zip Code: 98119,Townhouse,10.0,7.0,8.0,10.0,20.0,2.0,17.0,6.0,6.0,5.0,9.0,5.0,17.0,19.0,8.0,29.0,7.0,7.0,7.0,6.0,4.0,9.0,1.0,6.0,3.0,7.0,6.0,3.0,16.0,14.0,9.0,19.0,5.0,15.0,4.0,15.0,6.0,3.0,3.0,18.0,4.0,3.0,13.0,7.0,11.0,13.0,5.0,14.0,2.0,1.0,11.0,3.0,8.0,1.0,6.0,2.0,5.0,10.0,12.0,10.0,6.0,6.0,24.0,6.0,6.0,20.0,6.0,0.0,10.0,5.0,17.0,7.0,5.0,6.0,15.0,17.0,16.0,8.0,11.0,17.0,1.0,2.0,1.0,4.0,1.0,4.0,5.0,2.0,6.0,5.0,9.0,4.0,8.0,6.0,22.0,20.0,7.0,16.0,5.0,5.0,7.0,4.0,4.0,18.0,2.0,24.0,6.0,5.0,3.0,2.0,3.0,3.0,5.0,7.0,3.0,4.0,4.0,11.0,3.0,3.0,16.0,7.0,18.0,20.0,18.0,18.0,6.0,7.0,12.0,3.0,8.0,1.0,7.0,2.0,2.0,3.0,3.0,18.0,11.0,4.0,24.0,4.0,9.0,5.0
Zip Code: 98121,All Residential,52.0,83.0,57.0,54.0,107.0,55.0,167.0,56.0,75.0,68.0,72.0,52.0,48.0,87.0,70.0,102.0,63.0,25.0,50.0,65.0,64.0,70.0,97.0,103.0,74.0,75.0,23.0,128.0,64.0,166.0,44.0,133.0,65.0,102.0,58.0,96.0,56.0,86.0,112.0,99.0,78.0,22.0,51.0,32.0,61.0,59.0,13.0,105.0,60.0,44.0,48.0,35.0,62.0,58.0,81.0,28.0,24.0,69.0,57.0,48.0,81.0,50.0,95.0,56.0,62.0,132.0,65.0,38.0,70.0,46.0,78.0,39.0,62.0,62.0,104.0,78.0,68.0,47.0,57.0,83.0,75.0,62.0,26.0,87.0,70.0,62.0,49.0,24.0,51.0,15.0,122.0,94.0,93.0,62.0,84.0,95.0,38.0,97.0,27.0,21.0,47.0,75.0,57.0,102.0,21.0,108.0,56.0,79.0,43.0,46.0,20.0,58.0,21.0,53.0,23.0,68.0,15.0,98.0,68.0,46.0,67.0,102.0,84.0,69.0,65.0,160.0,75.0,45.0,81.0,20.0,36.0,56.0,68.0,63.0,20.0,38.0,33.0,134.0,69.0,41.0,99.0,50.0,97.0,55.0
Zip Code: 98121,Condo/Co-op,52.0,82.0,57.0,52.0,107.0,55.0,167.0,56.0,73.0,68.0,72.0,52.0,48.0,87.0,69.0,102.0,62.0,24.0,50.0,65.0,63.0,70.0,97.0,103.0,74.0,75.0,23.0,128.0,64.0,166.0,44.0,133.0,64.0,102.0,56.0,96.0,56.0,86.0,112.0,99.0,78.0,21.0,51.0,32.0,60.0,56.0,13.0,105.0,59.0,44.0,48.0,34.0,62.0,57.0,81.0,27.0,23.0,69.0,55.0,47.0,81.0,49.0,95.0,55.0,62.0,132.0,65.0,38.0,69.0,46.0,78.0,38.0,62.0,62.0,104.0,78.0,66.0,47.0,54.0,83.0,75.0,62.0,26.0,87.0,70.0,62.0,48.0,24.0,51.0,15.0,122.0,94.0,93.0,61.0,84.0,95.0,38.0,97.0,26.0,20.0,47.0,75.0,57.0,102.0,20.0,108.0,55.0,79.0,42.0,46.0,19.0,57.0,20.0,52.0,23.0,66.0,15.0,98.0,65.0,45.0,67.0,102.0,84.0,69.0,63.0,160.0,75.0,45.0,81.0,20.0,36.0,55.0,68.0,61.0,20.0,37.0,33.0,134.0,67.0,40.0,99.0,50.0,97.0,55.0
Zip Code: 98121,Single Family Residential,0.0,0.0,0.0,0.0,0.0,0.0,0.0,0.0,0.0,0.0,0.0,0.0,0.0,0.0,0.0,0.0,1.0,0.0,0.0,0.0,0.0,0.0,0.0,0.0,0.0,0.0,0.0,0.0,0.0,0.0,0.0,0.0,1.0,0.0,0.0,0.0,0.0,0.0,0.0,0.0,0.0,0.0,0.0,0.0,0.0,0.0,0.0,0.0,0.0,0.0,0.0,0.0,0.0,0.0,0.0,0.0,0.0,0.0,0.0,0.0,0.0,0.0,0.0,0.0,0.0,0.0,0.0,0.0,0.0,0.0,0.0,0.0,0.0,0.0,0.0,0.0,0.0,0.0,0.0,0.0,0.0,0.0,0.0,0.0,0.0,0.0,0.0,0.0,0.0,0.0,0.0,0.0,0.0,0.0,0.0,0.0,0.0,0.0,0.0,0.0,0.0,0.0,0.0,0.0,0.0,0.0,1.0,0.0,0.0,0.0,0.0,0.0,0.0,0.0,0.0,0.0,0.0,0.0,1.0,0.0,0.0,0.0,0.0,0.0,0.0,0.0,0.0,0.0,0.0,0.0,0.0,0.0,0.0,0.0,0.0,0.0,0.0,0.0,0.0,0.0,0.0,0.0,0.0,0.0
Zip Code: 98121,Townhouse,0.0,0.0,0.0,0.0,0.0,0.0,0.0,0.0,0.0,0.0,0.0,0.0,0.0,0.0,0.0,0.0,0.0,0.0,0.0,0.0,0.0,0.0,0.0,0.0,0.0,0.0,0.0,0.0,0.0,0.0,0.0,0.0,0.0,0.0,1.0,0.0,0.0,0.0,0.0,0.0,0.0,0.0,0.0,0.0,0.0,0.0,0.0,0.0,0.0,0.0,0.0,0.0,0.0,0.0,0.0,0.0,0.0,0.0,0.0,0.0,0.0,0.0,0.0,1.0,0.0,0.0,0.0,0.0,0.0,0.0,0.0,0.0,0.0,0.0,0.0,0.0,0.0,0.0,0.0,0.0,0.0,0.0,0.0,0.0,0.0,0.0,1.0,0.0,0.0,0.0,0.0,0.0,0.0,0.0,0.0,0.0,0.0,0.0,0.0,0.0,0.0,0.0,0.0,0.0,0.0,0.0,0.0,0.0,0.0,0.0,0.0,0.0,0.0,0.0,0.0,0.0,0.0,0.0,0.0,1.0,0.0,0.0,0.0,0.0,0.0,0.0,0.0,0.0,0.0,0.0,0.0,0.0,0.0,0.0,0.0,0.0,0.0,0.0,0.0,0.0,0.0,0.0,0.0,0.0
Zip Code: 98122,All Residential,36.0,83.0,52.0,51.0,66.0,38.0,132.0,75.0,76.0,55.0,56.0,44.0,34.0,56.0,47.0,102.0,48.0,27.0,66.0,72.0,82.0,66.0,64.0,86.0,76.0,76.0,41.0,31.0,54.0,114.0,46.0,84.0,47.0,73.0,52.0,85.0,58.0,77.0,82.0,71.0,96.0,21.0,33.0,31.0,61.0,48.0,26.0,65.0,40.0,32.0,50.0,36.0,79.0,41.0,76.0,30.0,24.0,86.0,79.0,37.0,83.0,39.0,81.0,55.0,70.0,85.0,75.0,37.0,46.0,53.0,69.0,21.0,82.0,63.0,73.0,67.0,60.0,59.0,48.0,47.0,70.0,44.0,29.0,73.0,78.0,61.0,35.0,38.0,44.0,12.0,90.0,84.0,87.0,76.0,86.0,84.0,56.0,65.0,25.0,25.0,31.0,83.0,53.0,100.0,27.0,98.0,48.0,92.0,46.0,35.0,13.0,60.0,26.0,32.0,24.0,65.0,14.0,67.0,72.0,46.0,54.0,67.0,59.0,54.0,71.0,120.0,56.0,39.0,49.0,18.0,44.0,43.0,59.0,77.0,19.0,55.0,36.0,99.0,67.0,41.0,89.0,43.0,99.0,57.0
Zip Code: 98122,Condo/Co-op,10.0,25.0,18.0,19.0,23.0,19.0,58.0,30.0,20.0,23.0,27.0,8.0,8.0,20.0,18.0,28.0,17.0,7.0,25.0,26.0,30.0,25.0,30.0,28.0,25.0,25.0,12.0,10.0,12.0,47.0,20.0,32.0,20.0,30.0,17.0,33.0,18.0,30.0,34.0,22.0,48.0,1.0,4.0,2.0,20.0,11.0,7.0,23.0,14.0,11.0,11.0,11.0,28.0,9.0,20.0,3.0,9.0,33.0,23.0,13.0,42.0,7.0,26.0,12.0,28.0,37.0,13.0,8.0,12.0,23.0,18.0,5.0,31.0,26.0,33.0,22.0,15.0,26.0,12.0,16.0,18.0,16.0,14.0,28.0,20.0,18.0,8.0,14.0,14.0,0.0,28.0,39.0,24.0,26.0,26.0,24.0,22.0,22.0,5.0,6.0,6.0,40.0,16.0,36.0,4.0,33.0,19.0,39.0,17.0,6.0,1.0,15.0,9.0,7.0,5.0,21.0,1.0,27.0,28.0,11.0,15.0,37.0,22.0,15.0,21.0,53.0,24.0,10.0,12.0,2.0,21.0,9.0,25.0,25.0,6.0,15.0,13.0,46.0,15.0,11.0,30.0,11.0,25.0,13.0
Zip Code: 98122,Multi-Family (2-4 Unit),2.0,5.0,3.0,6.0,1.0,6.0,3.0,4.0,4.0,1.0,1.0,1.0,1.0,3.0,0.0,4.0,3.0,1.0,3.0,6.0,6.0,3.0,1.0,2.0,0.0,6.0,7.0,2.0,2.0,2.0,1.0,1.0,4.0,6.0,1.0,1.0,0.0,3.0,6.0,1.0,4.0,0.0,2.0,2.0,4.0,8.0,2.0,2.0,3.0,6.0,1.0,1.0,9.0,1.0,1.0,2.0,0.0,6.0,6.0,0.0,4.0,1.0,3.0,1.0,5.0,0.0,0.0,2.0,2.0,1.0,2.0,1.0,8.0,5.0,2.0,3.0,7.0,2.0,8.0,1.0,2.0,5.0,5.0,2.0,0.0,1.0,2.0,4.0,4.0,3.0,6.0,4.0,1.0,5.0,2.0,2.0,2.0,2.0,2.0,2.0,1.0,4.0,7.0,1.0,2.0,2.0,4.0,2.0,1.0,0.0,0.0,1.0,1.0,2.0,6.0,6.0,2.0,2.0,5.0,1.0,3.0,1.0,3.0,2.0,6.0,4.0,6.0,2.0,1.0,1.0,1.0,3.0,2.0,7.0,1.0,2.0,7.0,0.0,6.0,2.0,4.0,3.0,2.0,1.0
Zip Code: 98122,Single Family Residential,12.0,37.0,22.0,22.0,24.0,8.0,35.0,35.0,34.0,10.0,14.0,21.0,15.0,19.0,18.0,43.0,25.0,13.0,35.0,23.0,31.0,21.0,17.0,31.0,20.0,30.0,15.0,16.0,22.0,33.0,23.0,31.0,17.0,25.0,24.0,33.0,21.0,20.0,16.0,30.0,12.0,15.0,16.0,17.0,25.0,27.0,14.0,26.0,15.0,9.0,23.0,12.0,22.0,20.0,28.0,17.0,14.0,29.0,39.0,17.0,16.0,24.0,35.0,26.0,35.0,30.0,32.0,11.0,20.0,25.0,33.0,8.0,26.0,29.0,20.0,29.0,28.0,30.0,24.0,15.0,20.0,10.0,6.0,14.0,30.0,19.0,12.0,15.0,22.0,6.0,39.0,20.0,35.0,32.0,40.0,35.0,29.0,25.0,13.0,14.0,13.0,15.0,20.0,36.0,18.0,38.0,18.0,18.0,20.0,8.0,8.0,30.0,13.0,14.0,10.0,32.0,6.0,22.0,37.0,21.0,22.0,17.0,19.0,21.0,31.0,31.0,14.0,15.0,25.0,8.0,21.0,20.0,13.0,35.0,8.0,24.0,6.0,23.0,37.0,19.0,32.0,21.0,35.0,24.0
Zip Code: 98122,Townhouse,12.0,16.0,9.0,4.0,18.0,5.0,36.0,6.0,18.0,21.0,14.0,14.0,10.0,14.0,8.0,27.0,3.0,6.0,3.0,17.0,15.0,17.0,16.0,25.0,28.0,15.0,7.0,3.0,18.0,32.0,2.0,20.0,6.0,12.0,10.0,18.0,19.0,24.0,26.0,18.0,32.0,5.0,11.0,10.0,12.0,2.0,3.0,14.0,8.0,6.0,15.0,12.0,20.0,11.0,27.0,8.0,1.0,18.0,11.0,6.0,21.0,7.0,17.0,16.0,2.0,18.0,30.0,16.0,12.0,4.0,16.0,7.0,17.0,3.0,18.0,13.0,10.0,1.0,4.0,15.0,30.0,13.0,4.0,29.0,28.0,23.0,13.0,5.0,4.0,3.0,17.0,21.0,27.0,13.0,18.0,23.0,3.0,16.0,5.0,3.0,11.0,24.0,10.0,27.0,3.0,25.0,7.0,33.0,8.0,18.0,4.0,14.0,3.0,9.0,3.0,6.0,5.0,16.0,2.0,13.0,14.0,12.0,15.0,16.0,13.0,32.0,12.0,12.0,11.0,7.0,1.0,11.0,19.0,10.0,4.0,14.0,10.0,26.0,9.0,9.0,23.0,8.0,37.0,19.0
Zip Code: 98125,All Residential,31.0,61.0,52.0,48.0,63.0,22.0,58.0,72.0,49.0,21.0,29.0,32.0,36.0,37.0,58.0,86.0,49.0,33.0,65.0,32.0,80.0,72.0,28.0,52.0,45.0,74.0,32.0,31.0,42.0,57.0,46.0,58.0,48.0,49.0,34.0,69.0,34.0,37.0,30.0,44.0,30.0,9.0,22.0,23.0,58.0,55.0,37.0,55.0,29.0,10.0,31.0,37.0,37.0,46.0,53.0,28.0,14.0,70.0,82.0,52.0,31.0,54.0,80.0,56.0,74.0,78.0,39.0,24.0,41.0,45.0,50.0,19.0,30.0,59.0,37.0,49.0,94.0,50.0,70.0,47.0,41.0,24.0,15.0,30.0,37.0,46.0,32.0,41.0,27.0,19.0,58.0,38.0,57.0,64.0,92.0,85.0,46.0,43.0,31.0,27.0,22.0,33.0,22.0,77.0,16.0,87.0,44.0,39.0,45.0,19.0,14.0,44.0,24.0,26.0,14.0,65.0,9.0,26.0,70.0,53.0,44.0,31.0,36.0,65.0,95.0,65.0,26.0,30.0,59.0,20.0,44.0,32.0,28.0,82.0,19.0,46.0,21.0,54.0,85.0,47.0,83.0,58.0,57.0,39.0
Zip Code: 98125,Condo/Co-op,5.0,9.0,7.0,9.0,13.0,4.0,10.0,14.0,6.0,3.0,8.0,2.0,6.0,7.0,12.0,16.0,7.0,6.0,15.0,9.0,22.0,6.0,6.0,10.0,6.0,11.0,5.0,8.0,7.0,6.0,9.0,8.0,10.0,11.0,9.0,10.0,2.0,6.0,5.0,5.0,7.0,0.0,3.0,3.0,12.0,10.0,8.0,8.0,7.0,2.0,6.0,7.0,10.0,8.0,9.0,4.0,2.0,9.0,14.0,12.0,6.0,8.0,8.0,11.0,14.0,16.0,7.0,5.0,14.0,12.0,8.0,3.0,8.0,13.0,7.0,6.0,12.0,9.0,10.0,11.0,5.0,2.0,3.0,4.0,3.0,7.0,2.0,6.0,5.0,5.0,12.0,7.0,14.0,12.0,15.0,11.0,10.0,9.0,3.0,2.0,5.0,8.0,4.0,12.0,0.0,9.0,7.0,10.0,14.0,4.0,0.0,11.0,2.0,6.0,4.0,13.0,0.0,6.0,13.0,9.0,7.0,8.0,4.0,9.0,14.0,10.0,5.0,5.0,5.0,7.0,9.0,4.0,6.0,20.0,4.0,7.0,2.0,11.0,9.0,14.0,15.0,12.0,11.0,5.0
Zip Code: 98125,Multi-Family (2-4 Unit),0.0,2.0,5.0,0.0,1.0,1.0,2.0,0.0,4.0,0.0,0.0,0.0,4.0,1.0,3.0,4.0,3.0,0.0,2.0,0.0,4.0,0.0,1.0,0.0,1.0,4.0,1.0,1.0,2.0,1.0,2.0,0.0,2.0,1.0,1.0,0.0,0.0,0.0,0.0,0.0,2.0,0.0,2.0,2.0,5.0,1.0,0.0,0.0,1.0,1.0,2.0,1.0,0.0,1.0,0.0,0.0,0.0,4.0,3.0,2.0,0.0,1.0,3.0,0.0,6.0,0.0,0.0,0.0,0.0,0.0,0.0,0.0,0.0,0.0,1.0,2.0,0.0,3.0,2.0,1.0,0.0,0.0,1.0,0.0,0.0,0.0,1.0,0.0,1.0,0.0,1.0,0.0,0.0,3.0,4.0,3.0,2.0,0.0,0.0,0.0,0.0,1.0,2.0,1.0,0.0,0.0,1.0,0.0,0.0,0.0,0.0,1.0,0.0,0.0,1.0,2.0,1.0,1.0,6.0,0.0,2.0,2.0,1.0,5.0,5.0,3.0,0.0,1.0,1.0,1.0,0.0,0.0,0.0,4.0,0.0,0.0,1.0,4.0,4.0,0.0,5.0,0.0,0.0,0.0
Zip Code: 98125,Single Family Residential,20.0,45.0,36.0,31.0,47.0,10.0,27.0,50.0,34.0,13.0,17.0,21.0,19.0,27.0,41.0,56.0,38.0,24.0,43.0,19.0,48.0,56.0,15.0,32.0,33.0,52.0,26.0,21.0,20.0,32.0,29.0,31.0,33.0,28.0,24.0,49.0,24.0,27.0,22.0,34.0,14.0,9.0,10.0,16.0,36.0,33.0,28.0,42.0,18.0,5.0,18.0,26.0,23.0,35.0,31.0,23.0,12.0,53.0,53.0,34.0,14.0,43.0,58.0,43.0,46.0,56.0,23.0,17.0,23.0,28.0,39.0,15.0,15.0,35.0,14.0,27.0,59.0,35.0,42.0,33.0,30.0,17.0,6.0,22.0,26.0,31.0,24.0,34.0,20.0,14.0,35.0,27.0,28.0,43.0,61.0,62.0,28.0,22.0,27.0,24.0,16.0,17.0,9.0,57.0,15.0,66.0,28.0,24.0,30.0,15.0,11.0,31.0,19.0,17.0,9.0,46.0,8.0,10.0,44.0,40.0,23.0,14.0,29.0,40.0,63.0,34.0,15.0,20.0,44.0,12.0,31.0,24.0,17.0,51.0,15.0,37.0,8.0,18.0,54.0,30.0,55.0,44.0,34.0,23.0
Zip Code: 98125,Townhouse,4.0,5.0,4.0,8.0,2.0,7.0,19.0,5.0,5.0,5.0,4.0,8.0,7.0,2.0,2.0,10.0,1.0,3.0,5.0,4.0,6.0,5.0,6.0,9.0,5.0,7.0,0.0,1.0,13.0,18.0,6.0,19.0,3.0,9.0,0.0,6.0,6.0,4.0,3.0,4.0,7.0,0.0,7.0,2.0,5.0,11.0,1.0,5.0,3.0,2.0,5.0,3.0,4.0,2.0,10.0,1.0,0.0,4.0,12.0,4.0,10.0,2.0,11.0,2.0,8.0,5.0,6.0,1.0,4.0,3.0,3.0,1.0,7.0,5.0,15.0,14.0,17.0,3.0,16.0,2.0,5.0,5.0,5.0,4.0,6.0,6.0,5.0,1.0,1.0,0.0,10.0,4.0,13.0,6.0,12.0,9.0,6.0,12.0,1.0,1.0,1.0,7.0,7.0,7.0,1.0,9.0,8.0,5.0,0.0,0.0,3.0,1.0,3.0,3.0,0.0,4.0,0.0,9.0,7.0,4.0,12.0,7.0,2.0,11.0,13.0,18.0,6.0,4.0,9.0,0.0,2.0,4.0,5.0,7.0,0.0,2.0,10.0,21.0,18.0,1.0,8.0,2.0,11.0,10.0
Zip Code: 98126,All Residential,53.0,78.0,57.0,62.0,89.0,13.0,80.0,76.0,70.0,17.0,29.0,21.0,37.0,55.0,66.0,73.0,72.0,38.0,55.0,40.0,84.0,73.0,40.0,45.0,32.0,74.0,21.0,41.0,44.0,86.0,47.0,77.0,59.0,27.0,39.0,72.0,20.0,38.0,36.0,72.0,46.0,19.0,30.0,42.0,74.0,66.0,31.0,94.0,44.0,4.0,45.0,31.0,44.0,45.0,35.0,29.0,16.0,88.0,86.0,61.0,46.0,39.0,74.0,59.0,74.0,97.0,23.0,25.0,35.0,52.0,80.0,19.0,36.0,71.0,23.0,57.0,99.0,53.0,84.0,62.0,38.0,23.0,7.0,28.0,23.0,22.0,31.0,43.0,35.0,22.0,44.0,37.0,43.0,86.0,80.0,78.0,40.0,56.0,36.0,24.0,24.0,42.0,12.0,117.0,28.0,67.0,53.0,41.0,40.0,18.0,12.0,37.0,23.0,20.0,18.0,87.0,7.0,29.0,77.0,46.0,44.0,30.0,67.0,54.0,86.0,74.0,24.0,44.0,72.0,30.0,57.0,29.0,18.0,88.0,16.0,27.0,11.0,52.0,86.0,35.0,76.0,38.0,50.0,19.0
Zip Code: 98126,Condo/Co-op,11.0,15.0,8.0,10.0,19.0,2.0,15.0,12.0,15.0,3.0,3.0,6.0,9.0,13.0,12.0,12.0,19.0,7.0,8.0,3.0,21.0,10.0,7.0,8.0,7.0,13.0,1.0,3.0,12.0,17.0,5.0,15.0,14.0,8.0,3.0,7.0,4.0,9.0,7.0,11.0,7.0,2.0,9.0,9.0,16.0,14.0,4.0,18.0,9.0,0.0,11.0,6.0,4.0,7.0,10.0,6.0,1.0,14.0,14.0,9.0,7.0,8.0,16.0,11.0,16.0,20.0,4.0,2.0,3.0,3.0,18.0,2.0,5.0,13.0,2.0,12.0,18.0,6.0,16.0,14.0,12.0,3.0,0.0,6.0,5.0,5.0,5.0,8.0,7.0,4.0,7.0,7.0,12.0,17.0,17.0,17.0,4.0,13.0,5.0,3.0,3.0,7.0,1.0,22.0,3.0,11.0,15.0,7.0,3.0,2.0,1.0,4.0,4.0,2.0,0.0,12.0,0.0,3.0,14.0,5.0,11.0,6.0,13.0,14.0,16.0,14.0,6.0,10.0,12.0,10.0,9.0,8.0,2.0,20.0,3.0,1.0,1.0,9.0,17.0,4.0,13.0,9.0,10.0,8.0
Zip Code: 98126,Multi-Family (2-4 Unit),1.0,0.0,0.0,0.0,0.0,3.0,4.0,0.0,0.0,0.0,0.0,0.0,0.0,0.0,0.0,0.0,0.0,0.0,0.0,2.0,0.0,0.0,0.0,0.0,0.0,0.0,0.0,0.0,2.0,1.0,0.0,0.0,0.0,0.0,0.0,0.0,0.0,0.0,0.0,0.0,0.0,0.0,0.0,0.0,0.0,0.0,1.0,0.0,0.0,0.0,1.0,0.0,1.0,0.0,0.0,0.0,0.0,0.0,0.0,0.0,0.0,0.0,0.0,0.0,0.0,0.0,1.0,0.0,0.0,0.0,0.0,0.0,0.0,0.0,0.0,0.0,0.0,0.0,0.0,0.0,0.0,2.0,0.0,0.0,1.0,0.0,0.0,1.0,0.0,0.0,0.0,0.0,0.0,0.0,0.0,0.0,0.0,0.0,0.0,0.0,0.0,1.0,0.0,0.0,0.0,0.0,0.0,1.0,0.0,0.0,0.0,0.0,0.0,0.0,0.0,0.0,0.0,0.0,0.0,0.0,1.0,0.0,0.0,0.0,0.0,0.0,1.0,0.0,1.0,0.0,0.0,0.0,0.0,0.0,1.0,0.0,1.0,0.0,0.0,0.0,0.0,0.0,0.0,0.0
Zip Code: 98126,Single Family Residential,31.0,58.0,41.0,40.0,64.0,6.0,49.0,55.0,50.0,5.0,20.0,9.0,16.0,36.0,47.0,48.0,44.0,14.0,43.0,22.0,53.0,54.0,17.0,31.0,16.0,57.0,15.0,28.0,24.0,56.0,36.0,52.0,34.0,16.0,27.0,47.0,11.0,20.0,21.0,51.0,19.0,17.0,12.0,28.0,51.0,45.0,21.0,62.0,28.0,3.0,22.0,22.0,24.0,35.0,22.0,21.0,13.0,63.0,62.0,46.0,21.0,31.0,39.0,42.0,51.0,68.0,13.0,22.0,30.0,42.0,50.0,17.0,21.0,50.0,11.0,37.0,69.0,43.0,60.0,42.0,17.0,12.0,6.0,12.0,7.0,10.0,24.0,29.0,21.0,14.0,31.0,21.0,29.0,62.0,45.0,42.0,31.0,37.0,23.0,16.0,20.0,17.0,8.0,78.0,17.0,43.0,27.0,17.0,30.0,16.0,11.0,31.0,16.0,16.0,14.0,65.0,5.0,14.0,55.0,37.0,27.0,10.0,47.0,30.0,58.0,42.0,14.0,27.0,48.0,18.0,40.0,21.0,6.0,56.0,11.0,24.0,9.0,29.0,60.0,25.0,46.0,24.0,36.0,9.0
Zip Code: 98126,Townhouse,10.0,5.0,8.0,12.0,6.0,2.0,12.0,9.0,5.0,9.0,6.0,5.0,11.0,6.0,7.0,13.0,9.0,17.0,4.0,13.0,9.0,8.0,16.0,6.0,9.0,3.0,5.0,10.0,6.0,12.0,5.0,10.0,11.0,3.0,9.0,18.0,4.0,9.0,8.0,10.0,20.0,0.0,8.0,5.0,7.0,7.0,5.0,14.0,7.0,1.0,11.0,3.0,15.0,3.0,3.0,2.0,2.0,10.0,10.0,6.0,18.0,0.0,19.0,6.0,7.0,9.0,5.0,1.0,2.0,7.0,12.0,0.0,9.0,8.0,10.0,8.0,11.0,3.0,7.0,6.0,9.0,6.0,1.0,10.0,10.0,5.0,2.0,5.0,7.0,4.0,6.0,9.0,2.0,7.0,18.0,19.0,5.0,6.0,7.0,4.0,1.0,17.0,3.0,17.0,8.0,13.0,11.0,16.0,7.0,0.0,0.0,2.0,3.0,2.0,4.0,8.0,2.0,12.0,8.0,4.0,5.0,14.0,7.0,9.0,11.0,15.0,3.0,7.0,11.0,2.0,8.0,0.0,10.0,11.0,1.0,2.0,0.0,13.0,8.0,5.0,17.0,5.0,4.0,2.0
Zip Code: 98133,All Residential,55.0,122.0,110.0,62.0,94.0,41.0,79.0,106.0,93.0,40.0,49.0,68.0,51.0,62.0,102.0,109.0,73.0,51.0,89.0,72.0,108.0,117.0,32.0,92.0,70.0,118.0,51.0,66.0,61.0,68.0,53.0,66.0,78.0,92.0,66.0,96.0,64.0,80.0,77.0,82.0,57.0,22.0,32.0,43.0,91.0,58.0,53.0,114.0,64.0,12.0,34.0,69.0,75.0,39.0,92.0,45.0,28.0,115.0,121.0,92.0,56.0,58.0,110.0,63.0,92.0,112.0,73.0,31.0,39.0,65.0,103.0,31.0,52.0,92.0,45.0,73.0,112.0,63.0,82.0,67.0,65.0,67.0,14.0,57.0,67.0,71.0,42.0,65.0,64.0,19.0,87.0,96.0,118.0,105.0,114.0,116.0,71.0,64.0,32.0,23.0,34.0,53.0,30.0,139.0,20.0,101.0,77.0,85.0,72.0,41.0,17.0,61.0,30.0,34.0,41.0,100.0,12.0,44.0,106.0,59.0,68.0,37.0,66.0,73.0,119.0,96.0,78.0,85.0,74.0,31.0,73.0,41.0,48.0,102.0,29.0,77.0,35.0,62.0,116.0,71.0,115.0,53.0,117.0,70.0
Zip Code: 98133,Condo/Co-op,7.0,24.0,30.0,20.0,19.0,6.0,20.0,20.0,20.0,11.0,17.0,10.0,17.0,14.0,21.0,14.0,20.0,12.0,18.0,13.0,30.0,22.0,4.0,11.0,15.0,29.0,16.0,21.0,17.0,16.0,9.0,20.0,20.0,11.0,20.0,23.0,12.0,20.0,15.0,19.0,7.0,4.0,12.0,10.0,20.0,15.0,9.0,22.0,25.0,1.0,7.0,22.0,17.0,14.0,13.0,4.0,7.0,26.0,25.0,16.0,9.0,11.0,27.0,14.0,14.0,25.0,19.0,4.0,9.0,12.0,16.0,8.0,8.0,10.0,11.0,16.0,21.0,9.0,17.0,13.0,16.0,6.0,3.0,13.0,20.0,17.0,6.0,12.0,22.0,3.0,12.0,21.0,21.0,15.0,26.0,24.0,15.0,17.0,8.0,6.0,5.0,10.0,6.0,28.0,7.0,18.0,21.0,15.0,17.0,8.0,3.0,13.0,6.0,9.0,10.0,30.0,3.0,11.0,22.0,14.0,18.0,7.0,13.0,18.0,20.0,22.0,5.0,25.0,10.0,1.0,15.0,13.0,20.0,35.0,6.0,23.0,6.0,18.0,18.0,21.0,21.0,10.0,15.0,11.0
Zip Code: 98133,Multi-Family (2-4 Unit),3.0,6.0,4.0,0.0,1.0,3.0,6.0,5.0,3.0,0.0,1.0,0.0,1.0,3.0,4.0,3.0,3.0,0.0,3.0,4.0,3.0,2.0,7.0,0.0,2.0,5.0,0.0,1.0,5.0,5.0,1.0,6.0,5.0,3.0,2.0,2.0,0.0,1.0,0.0,2.0,5.0,0.0,0.0,0.0,3.0,1.0,0.0,4.0,3.0,3.0,1.0,4.0,7.0,0.0,1.0,1.0,0.0,6.0,2.0,1.0,7.0,1.0,2.0,0.0,6.0,2.0,2.0,2.0,0.0,1.0,3.0,1.0,5.0,0.0,3.0,0.0,3.0,2.0,3.0,2.0,1.0,6.0,2.0,0.0,2.0,0.0,2.0,1.0,3.0,1.0,1.0,1.0,1.0,5.0,3.0,3.0,1.0,0.0,0.0,0.0,1.0,5.0,4.0,2.0,0.0,3.0,3.0,7.0,4.0,1.0,0.0,0.0,0.0,1.0,0.0,4.0,0.0,4.0,5.0,1.0,7.0,4.0,5.0,1.0,3.0,3.0,4.0,4.0,5.0,0.0,1.0,1.0,1.0,3.0,0.0,4.0,2.0,2.0,3.0,4.0,4.0,1.0,1.0,0.0
Zip Code: 98133,Single Family Residential,37.0,74.0,68.0,39.0,58.0,13.0,33.0,68.0,55.0,17.0,13.0,22.0,26.0,36.0,61.0,71.0,43.0,33.0,56.0,29.0,60.0,81.0,11.0,44.0,27.0,72.0,34.0,34.0,31.0,24.0,38.0,28.0,47.0,37.0,39.0,51.0,21.0,31.0,35.0,48.0,26.0,13.0,16.0,26.0,59.0,39.0,39.0,73.0,32.0,2.0,21.0,39.0,31.0,20.0,43.0,33.0,18.0,68.0,75.0,56.0,27.0,40.0,57.0,43.0,63.0,73.0,20.0,21.0,26.0,41.0,68.0,22.0,19.0,67.0,11.0,35.0,79.0,43.0,56.0,41.0,30.0,28.0,8.0,28.0,24.0,20.0,26.0,49.0,36.0,14.0,42.0,46.0,55.0,66.0,66.0,62.0,48.0,25.0,24.0,15.0,25.0,19.0,8.0,92.0,9.0,62.0,46.0,38.0,45.0,30.0,11.0,42.0,22.0,23.0,26.0,55.0,8.0,12.0,73.0,41.0,30.0,12.0,38.0,38.0,78.0,45.0,34.0,50.0,50.0,25.0,44.0,20.0,12.0,53.0,21.0,45.0,10.0,18.0,87.0,41.0,70.0,38.0,57.0,28.0
Zip Code: 98133,Townhouse,8.0,18.0,8.0,3.0,16.0,19.0,20.0,13.0,15.0,12.0,18.0,34.0,7.0,9.0,16.0,21.0,7.0,5.0,12.0,26.0,15.0,12.0,10.0,37.0,26.0,12.0,1.0,10.0,8.0,23.0,5.0,12.0,6.0,41.0,5.0,20.0,29.0,28.0,27.0,13.0,19.0,5.0,4.0,3.0,9.0,3.0,4.0,15.0,4.0,6.0,5.0,4.0,20.0,5.0,35.0,7.0,3.0,15.0,19.0,19.0,13.0,6.0,24.0,6.0,9.0,12.0,32.0,4.0,1.0,11.0,16.0,0.0,20.0,11.0,20.0,16.0,9.0,9.0,6.0,11.0,18.0,27.0,1.0,16.0,21.0,31.0,8.0,3.0,3.0,1.0,32.0,28.0,41.0,19.0,19.0,27.0,7.0,14.0,0.0,2.0,3.0,19.0,12.0,17.0,4.0,18.0,7.0,25.0,6.0,2.0,3.0,3.0,2.0,1.0,5.0,11.0,1.0,17.0,6.0,3.0,13.0,14.0,10.0,16.0,18.0,26.0,35.0,6.0,9.0,3.0,13.0,7.0,15.0,11.0,2.0,5.0,17.0,24.0,8.0,5.0,20.0,4.0,44.0,29.0
Zip Code: 98134,All Residential,0.0,0.0,1.0,3.0,1.0,0.0,0.0,4.0,1.0,1.0,0.0,0.0,0.0,1.0,2.0,0.0,0.0,3.0,0.0,2.0,3.0,1.0,0.0,3.0,1.0,0.0,1.0,0.0,0.0,0.0,1.0,0.0,0.0,3.0,0.0,0.0,0.0,1.0,1.0,0.0,0.0,2.0,0.0,1.0,1.0,2.0,0.0,1.0,1.0,1.0,0.0,0.0,1.0,0.0,0.0,2.0,1.0,2.0,0.0,2.0,0.0,2.0,0.0,0.0,2.0,2.0,1.0,0.0,1.0,2.0,2.0,1.0,1.0,2.0,0.0,0.0,0.0,0.0,1.0,0.0,1.0,1.0,0.0,1.0,1.0,1.0,0.0,1.0,0.0,0.0,3.0,2.0,0.0,3.0,0.0,0.0,2.0,0.0,1.0,1.0,1.0,0.0,0.0,2.0,0.0,0.0,2.0,0.0,0.0,0.0,1.0,0.0,2.0,1.0,0.0,3.0,0.0,0.0,2.0,2.0,0.0,0.0,0.0,0.0,0.0,0.0,1.0,1.0,0.0,0.0,2.0,0.0,0.0,3.0,0.0,0.0,0.0,0.0,2.0,0.0,0.0,3.0,0.0,0.0
Zip Code: 98134,Condo/Co-op,0.0,0.0,1.0,2.0,1.0,0.0,0.0,4.0,1.0,1.0,0.0,0.0,0.0,0.0,1.0,0.0,0.0,3.0,0.0,2.0,3.0,1.0,0.0,0.0,1.0,0.0,1.0,0.0,0.0,0.0,1.0,0.0,0.0,3.0,0.0,0.0,0.0,1.0,1.0,0.0,0.0,2.0,0.0,1.0,1.0,1.0,0.0,0.0,1.0,1.0,0.0,0.0,1.0,0.0,0.0,2.0,1.0,2.0,0.0,1.0,0.0,2.0,0.0,0.0,2.0,1.0,1.0,0.0,0.0,2.0,1.0,0.0,1.0,2.0,0.0,0.0,0.0,0.0,0.0,0.0,1.0,1.0,0.0,1.0,1.0,1.0,0.0,1.0,0.0,0.0,0.0,2.0,0.0,2.0,0.0,0.0,2.0,0.0,1.0,1.0,0.0,0.0,0.0,1.0,0.0,0.0,1.0,0.0,0.0,0.0,1.0,0.0,1.0,0.0,0.0,3.0,0.0,0.0,2.0,2.0,0.0,0.0,0.0,0.0,0.0,0.0,1.0,1.0,0.0,0.0,1.0,0.0,0.0,3.0,0.0,0.0,0.0,0.0,1.0,0.0,0.0,3.0,0.0,0.0
Zip Code: 98134,Single Family Residential,0.0,0.0,0.0,0.0,0.0,0.0,0.0,0.0,0.0,0.0,0.0,0.0,0.0,0.0,0.0,0.0,0.0,0.0,0.0,0.0,0.0,0.0,0.0,0.0,0.0,0.0,0.0,0.0,0.0,0.0,0.0,0.0,0.0,0.0,0.0,0.0,0.0,0.0,0.0,0.0,0.0,0.0,0.0,0.0,0.0,0.0,0.0,1.0,0.0,0.0,0.0,0.0,0.0,0.0,0.0,0.0,0.0,0.0,0.0,0.0,0.0,0.0,0.0,0.0,0.0,1.0,0.0,0.0,0.0,0.0,0.0,1.0,0.0,0.0,0.0,0.0,0.0,0.0,0.0,0.0,0.0,0.0,0.0,0.0,0.0,0.0,0.0,0.0,0.0,0.0,0.0,0.0,0.0,0.0,0.0,0.0,0.0,0.0,0.0,0.0,1.0,0.0,0.0,1.0,0.0,0.0,0.0,0.0,0.0,0.0,0.0,0.0,1.0,1.0,0.0,0.0,0.0,0.0,0.0,0.0,0.0,0.0,0.0,0.0,0.0,0.0,0.0,0.0,0.0,0.0,0.0,0.0,0.0,0.0,0.0,0.0,0.0,0.0,0.0,0.0,0.0,0.0,0.0,0.0
Zip Code: 98136,All Residential,27.0,60.0,29.0,25.0,32.0,8.0,51.0,55.0,50.0,13.0,16.0,10.0,23.0,26.0,40.0,51.0,23.0,20.0,52.0,24.0,45.0,34.0,21.0,36.0,25.0,52.0,22.0,26.0,21.0,48.0,33.0,39.0,27.0,27.0,29.0,36.0,6.0,20.0,27.0,30.0,27.0,10.0,26.0,24.0,33.0,26.0,21.0,59.0,25.0,3.0,16.0,33.0,19.0,24.0,26.0,17.0,16.0,47.0,48.0,35.0,20.0,36.0,47.0,34.0,56.0,53.0,22.0,15.0,36.0,33.0,48.0,13.0,18.0,61.0,18.0,42.0,49.0,39.0,34.0,25.0,16.0,14.0,8.0,21.0,16.0,18.0,21.0,26.0,26.0,11.0,38.0,21.0,33.0,44.0,46.0,39.0,35.0,44.0,28.0,24.0,18.0,14.0,9.0,65.0,18.0,44.0,25.0,32.0,29.0,16.0,13.0,30.0,14.0,17.0,15.0,47.0,6.0,20.0,52.0,23.0,25.0,15.0,26.0,34.0,51.0,36.0,15.0,23.0,41.0,14.0,32.0,23.0,15.0,42.0,8.0,27.0,6.0,32.0,38.0,31.0,41.0,24.0,43.0,10.0
Zip Code: 98136,Condo/Co-op,2.0,6.0,4.0,6.0,4.0,1.0,9.0,5.0,5.0,0.0,2.0,1.0,4.0,5.0,4.0,11.0,4.0,0.0,7.0,4.0,7.0,4.0,5.0,2.0,1.0,4.0,1.0,6.0,5.0,8.0,3.0,7.0,5.0,1.0,4.0,5.0,0.0,1.0,1.0,3.0,5.0,1.0,3.0,1.0,3.0,7.0,1.0,8.0,5.0,0.0,3.0,8.0,4.0,2.0,4.0,1.0,1.0,4.0,14.0,6.0,3.0,4.0,7.0,1.0,5.0,6.0,1.0,0.0,5.0,6.0,2.0,1.0,4.0,5.0,3.0,10.0,9.0,4.0,10.0,4.0,1.0,0.0,0.0,0.0,1.0,1.0,2.0,2.0,5.0,1.0,4.0,2.0,7.0,8.0,5.0,2.0,7.0,12.0,1.0,1.0,1.0,3.0,4.0,10.0,1.0,6.0,7.0,5.0,4.0,2.0,2.0,5.0,0.0,2.0,0.0,3.0,0.0,3.0,5.0,0.0,6.0,3.0,6.0,5.0,12.0,10.0,2.0,3.0,4.0,2.0,4.0,3.0,1.0,3.0,0.0,2.0,0.0,5.0,10.0,2.0,5.0,4.0,3.0,1.0
Zip Code: 98136,Multi-Family (2-4 Unit),0.0,0.0,0.0,0.0,0.0,1.0,0.0,0.0,0.0,1.0,0.0,0.0,0.0,0.0,1.0,0.0,0.0,0.0,0.0,0.0,0.0,0.0,2.0,0.0,0.0,0.0,0.0,1.0,0.0,0.0,1.0,0.0,0.0,1.0,0.0,1.0,0.0,0.0,2.0,0.0,2.0,0.0,0.0,0.0,0.0,0.0,0.0,0.0,0.0,0.0,0.0,0.0,1.0,0.0,0.0,0.0,0.0,0.0,1.0,1.0,0.0,0.0,0.0,0.0,0.0,0.0,1.0,0.0,0.0,0.0,0.0,0.0,1.0,0.0,0.0,0.0,1.0,1.0,0.0,0.0,0.0,1.0,1.0,2.0,1.0,0.0,1.0,0.0,0.0,0.0,0.0,0.0,0.0,2.0,0.0,0.0,1.0,0.0,0.0,0.0,0.0,1.0,1.0,0.0,0.0,1.0,0.0,1.0,1.0,0.0,0.0,0.0,0.0,0.0,0.0,0.0,0.0,0.0,0.0,0.0,0.0,1.0,0.0,0.0,1.0,0.0,2.0,0.0,0.0,0.0,0.0,0.0,1.0,1.0,0.0,0.0,0.0,0.0,1.0,0.0,0.0,0.0,0.0,0.0
Zip Code: 98136,Single Family Residential,19.0,49.0,23.0,17.0,20.0,4.0,33.0,44.0,39.0,10.0,9.0,6.0,14.0,15.0,32.0,31.0,16.0,19.0,38.0,15.0,32.0,27.0,11.0,24.0,20.0,39.0,17.0,18.0,12.0,30.0,23.0,24.0,18.0,18.0,24.0,19.0,6.0,17.0,21.0,17.0,16.0,7.0,15.0,17.0,26.0,16.0,16.0,46.0,20.0,3.0,12.0,22.0,10.0,17.0,15.0,13.0,13.0,38.0,31.0,23.0,15.0,24.0,28.0,27.0,44.0,36.0,14.0,14.0,30.0,22.0,40.0,11.0,8.0,50.0,8.0,20.0,34.0,26.0,23.0,14.0,13.0,10.0,7.0,16.0,7.0,12.0,17.0,21.0,19.0,8.0,29.0,13.0,17.0,32.0,27.0,27.0,22.0,20.0,26.0,23.0,16.0,9.0,4.0,45.0,15.0,29.0,14.0,20.0,23.0,12.0,11.0,24.0,14.0,14.0,14.0,41.0,5.0,10.0,41.0,18.0,14.0,7.0,15.0,20.0,34.0,18.0,10.0,17.0,30.0,9.0,23.0,17.0,9.0,35.0,6.0,24.0,5.0,17.0,26.0,27.0,27.0,15.0,28.0,5.0
Zip Code: 98136,Townhouse,5.0,4.0,2.0,2.0,8.0,2.0,9.0,5.0,5.0,2.0,5.0,3.0,5.0,6.0,3.0,9.0,3.0,1.0,7.0,5.0,6.0,3.0,3.0,10.0,4.0,9.0,4.0,1.0,4.0,10.0,6.0,8.0,4.0,7.0,1.0,11.0,0.0,2.0,3.0,10.0,4.0,2.0,8.0,6.0,4.0,3.0,4.0,5.0,0.0,0.0,1.0,3.0,4.0,5.0,6.0,3.0,2.0,5.0,2.0,5.0,1.0,8.0,12.0,6.0,4.0,11.0,6.0,0.0,1.0,4.0,4.0,1.0,5.0,4.0,7.0,12.0,5.0,8.0,1.0,7.0,2.0,3.0,0.0,3.0,7.0,4.0,1.0,3.0,2.0,2.0,5.0,6.0,7.0,2.0,14.0,10.0,5.0,12.0,1.0,0.0,0.0,1.0,0.0,10.0,2.0,8.0,3.0,6.0,1.0,1.0,0.0,1.0,0.0,1.0,1.0,1.0,1.0,7.0,3.0,5.0,5.0,4.0,5.0,9.0,4.0,8.0,1.0,3.0,6.0,3.0,4.0,3.0,4.0,3.0,2.0,1.0,1.0,10.0,1.0,2.0,9.0,5.0,10.0,3.0
Zip Code: 98144,All Residential,41.0,74.0,47.0,48.0,79.0,37.0,94.0,109.0,73.0,54.0,54.0,50.0,48.0,66.0,92.0,89.0,60.0,53.0,86.0,47.0,90.0,55.0,52.0,92.0,70.0,62.0,45.0,36.0,53.0,94.0,64.0,63.0,42.0,85.0,34.0,68.0,46.0,78.0,77.0,60.0,52.0,32.0,32.0,34.0,77.0,51.0,50.0,60.0,34.0,27.0,43.0,47.0,58.0,50.0,62.0,40.0,34.0,61.0,94.0,76.0,52.0,60.0,86.0,57.0,98.0,87.0,65.0,38.0,47.0,66.0,52.0,22.0,56.0,97.0,59.0,66.0,95.0,79.0,70.0,61.0,73.0,54.0,34.0,70.0,75.0,77.0,44.0,56.0,38.0,21.0,90.0,89.0,82.0,91.0,85.0,89.0,61.0,66.0,52.0,47.0,30.0,44.0,43.0,90.0,39.0,86.0,51.0,49.0,39.0,32.0,28.0,55.0,40.0,31.0,41.0,88.0,21.0,57.0,92.0,56.0,58.0,54.0,68.0,64.0,97.0,79.0,60.0,40.0,47.0,27.0,69.0,48.0,50.0,87.0,21.0,60.0,28.0,67.0,94.0,35.0,99.0,61.0,96.0,51.0
Zip Code: 98144,Condo/Co-op,3.0,13.0,8.0,12.0,12.0,2.0,14.0,34.0,12.0,7.0,7.0,7.0,9.0,12.0,18.0,8.0,14.0,4.0,27.0,9.0,33.0,6.0,9.0,8.0,13.0,12.0,5.0,10.0,5.0,12.0,22.0,9.0,14.0,6.0,10.0,8.0,9.0,12.0,11.0,8.0,12.0,7.0,6.0,1.0,18.0,14.0,4.0,9.0,10.0,6.0,7.0,4.0,9.0,6.0,3.0,7.0,4.0,7.0,21.0,19.0,8.0,6.0,14.0,5.0,32.0,10.0,7.0,2.0,5.0,26.0,10.0,1.0,11.0,29.0,10.0,5.0,22.0,24.0,18.0,11.0,15.0,3.0,6.0,13.0,12.0,10.0,4.0,5.0,9.0,3.0,3.0,11.0,10.0,11.0,10.0,12.0,22.0,7.0,3.0,5.0,3.0,11.0,7.0,15.0,6.0,8.0,12.0,7.0,6.0,2.0,2.0,2.0,5.0,2.0,2.0,29.0,3.0,13.0,28.0,7.0,5.0,9.0,6.0,12.0,21.0,14.0,8.0,9.0,5.0,1.0,25.0,4.0,7.0,32.0,2.0,7.0,4.0,13.0,20.0,6.0,11.0,6.0,10.0,7.0
Zip Code: 98144,Multi-Family (2-4 Unit),1.0,8.0,2.0,3.0,5.0,1.0,2.0,4.0,7.0,1.0,2.0,0.0,0.0,5.0,5.0,2.0,3.0,1.0,2.0,3.0,4.0,5.0,2.0,0.0,3.0,7.0,1.0,1.0,1.0,2.0,1.0,2.0,1.0,4.0,2.0,3.0,1.0,1.0,4.0,3.0,0.0,0.0,0.0,1.0,4.0,1.0,2.0,3.0,2.0,0.0,0.0,3.0,3.0,1.0,0.0,0.0,1.0,7.0,8.0,4.0,1.0,2.0,2.0,2.0,2.0,4.0,2.0,2.0,4.0,1.0,2.0,0.0,1.0,2.0,3.0,1.0,7.0,3.0,1.0,7.0,3.0,1.0,1.0,3.0,3.0,0.0,3.0,1.0,2.0,1.0,0.0,3.0,0.0,5.0,3.0,4.0,0.0,1.0,1.0,0.0,1.0,1.0,1.0,4.0,0.0,3.0,2.0,1.0,4.0,2.0,0.0,4.0,0.0,0.0,1.0,4.0,1.0,3.0,4.0,1.0,2.0,0.0,4.0,0.0,9.0,0.0,2.0,2.0,1.0,1.0,3.0,3.0,2.0,3.0,2.0,4.0,1.0,2.0,4.0,3.0,4.0,3.0,0.0,0.0
Zip Code: 98144,Single Family Residential,26.0,46.0,30.0,31.0,36.0,17.0,37.0,59.0,46.0,17.0,20.0,15.0,17.0,26.0,56.0,56.0,32.0,37.0,44.0,13.0,43.0,37.0,8.0,45.0,26.0,38.0,29.0,19.0,19.0,40.0,29.0,25.0,18.0,34.0,20.0,37.0,13.0,31.0,35.0,29.0,20.0,19.0,13.0,21.0,42.0,30.0,30.0,33.0,17.0,7.0,14.0,28.0,21.0,23.0,26.0,24.0,18.0,42.0,49.0,37.0,12.0,32.0,37.0,31.0,54.0,50.0,29.0,21.0,32.0,26.0,27.0,13.0,24.0,56.0,13.0,26.0,51.0,40.0,40.0,25.0,32.0,16.0,10.0,25.0,32.0,31.0,27.0,36.0,22.0,12.0,42.0,43.0,32.0,54.0,42.0,44.0,29.0,28.0,35.0,28.0,16.0,11.0,12.0,50.0,15.0,51.0,29.0,18.0,25.0,20.0,15.0,42.0,20.0,18.0,24.0,47.0,12.0,9.0,52.0,31.0,23.0,10.0,30.0,26.0,46.0,29.0,19.0,20.0,28.0,20.0,27.0,26.0,15.0,44.0,12.0,35.0,8.0,19.0,55.0,19.0,54.0,32.0,44.0,15.0
Zip Code: 98144,Townhouse,11.0,7.0,7.0,2.0,26.0,17.0,41.0,12.0,8.0,29.0,25.0,25.0,22.0,23.0,13.0,23.0,11.0,11.0,13.0,22.0,10.0,7.0,33.0,35.0,28.0,5.0,10.0,6.0,28.0,40.0,12.0,27.0,9.0,41.0,2.0,20.0,23.0,34.0,27.0,20.0,20.0,6.0,13.0,11.0,13.0,6.0,14.0,15.0,5.0,14.0,22.0,12.0,25.0,20.0,30.0,9.0,11.0,5.0,16.0,16.0,31.0,20.0,33.0,19.0,10.0,23.0,27.0,13.0,6.0,13.0,13.0,7.0,20.0,10.0,33.0,34.0,15.0,12.0,11.0,18.0,23.0,34.0,17.0,29.0,28.0,36.0,10.0,14.0,5.0,5.0,42.0,32.0,36.0,21.0,30.0,29.0,10.0,30.0,13.0,14.0,10.0,21.0,23.0,21.0,18.0,24.0,8.0,23.0,4.0,8.0,11.0,7.0,15.0,9.0,14.0,8.0,5.0,32.0,8.0,17.0,28.0,32.0,28.0,26.0,21.0,34.0,31.0,9.0,13.0,5.0,14.0,15.0,26.0,8.0,5.0,14.0,15.0,33.0,15.0,7.0,30.0,20.0,38.0,26.0
Zip Code: 98146,All Residential,37.0,99.0,69.0,65.0,58.0,16.0,45.0,87.0,77.0,20.0,15.0,24.0,36.0,42.0,60.0,60.0,71.0,35.0,74.0,18.0,96.0,79.0,14.0,41.0,22.0,90.0,38.0,35.0,30.0,39.0,60.0,46.0,59.0,40.0,49.0,52.0,15.0,26.0,25.0,48.0,29.0,28.0,23.0,32.0,78.0,65.0,34.0,54.0,49.0,13.0,23.0,64.0,25.0,45.0,30.0,39.0,25.0,86.0,87.0,62.0,17.0,63.0,46.0,55.0,79.0,66.0,24.0,35.0,57.0,63.0,49.0,42.0,22.0,82.0,25.0,41.0,108.0,70.0,84.0,45.0,17.0,27.0,8.0,28.0,22.0,18.0,34.0,35.0,39.0,19.0,36.0,27.0,43.0,81.0,58.0,59.0,61.0,45.0,53.0,36.0,34.0,26.0,15.0,67.0,27.0,56.0,66.0,31.0,60.0,31.0,19.0,62.0,33.0,45.0,23.0,88.0,18.0,20.0,86.0,53.0,41.0,13.0,40.0,39.0,100.0,48.0,25.0,58.0,47.0,21.0,72.0,43.0,14.0,86.0,22.0,61.0,14.0,32.0,103.0,54.0,57.0,52.0,58.0,27.0
Zip Code: 98146,Condo/Co-op,2.0,4.0,7.0,5.0,7.0,2.0,8.0,8.0,4.0,1.0,0.0,1.0,6.0,5.0,9.0,6.0,4.0,2.0,4.0,2.0,5.0,6.0,6.0,4.0,2.0,2.0,2.0,2.0,3.0,5.0,4.0,6.0,3.0,3.0,3.0,2.0,4.0,5.0,5.0,5.0,6.0,5.0,3.0,2.0,6.0,8.0,1.0,5.0,5.0,0.0,3.0,5.0,3.0,7.0,3.0,6.0,3.0,4.0,12.0,7.0,4.0,4.0,3.0,4.0,11.0,5.0,6.0,4.0,6.0,6.0,1.0,5.0,0.0,7.0,2.0,6.0,10.0,4.0,8.0,4.0,3.0,1.0,0.0,3.0,4.0,2.0,4.0,2.0,3.0,2.0,2.0,4.0,4.0,9.0,3.0,4.0,3.0,5.0,2.0,1.0,5.0,5.0,0.0,6.0,3.0,5.0,4.0,4.0,2.0,4.0,1.0,2.0,1.0,5.0,2.0,6.0,1.0,1.0,8.0,6.0,6.0,2.0,4.0,4.0,11.0,8.0,1.0,6.0,2.0,1.0,6.0,5.0,0.0,5.0,2.0,5.0,0.0,6.0,8.0,4.0,7.0,5.0,8.0,1.0
Zip Code: 98146,Multi-Family (2-4 Unit),0.0,0.0,2.0,0.0,0.0,0.0,0.0,0.0,0.0,0.0,0.0,0.0,0.0,0.0,0.0,0.0,2.0,0.0,0.0,0.0,0.0,2.0,0.0,4.0,0.0,0.0,0.0,0.0,0.0,0.0,0.0,0.0,0.0,3.0,0.0,0.0,0.0,0.0,0.0,0.0,0.0,0.0,0.0,0.0,0.0,0.0,1.0,0.0,1.0,0.0,0.0,0.0,0.0,0.0,2.0,0.0,0.0,0.0,0.0,0.0,0.0,0.0,0.0,0.0,0.0,0.0,0.0,0.0,0.0,0.0,0.0,0.0,0.0,0.0,0.0,0.0,0.0,0.0,0.0,0.0,0.0,0.0,0.0,0.0,0.0,0.0,0.0,0.0,0.0,0.0,2.0,0.0,0.0,0.0,1.0,0.0,0.0,0.0,0.0,0.0,0.0,1.0,0.0,0.0,0.0,0.0,0.0,0.0,0.0,0.0,0.0,0.0,0.0,0.0,0.0,0.0,0.0,0.0,0.0,0.0,0.0,0.0,0.0,0.0,0.0,0.0,0.0,1.0,0.0,0.0,0.0,0.0,0.0,0.0,0.0,0.0,0.0,0.0,0.0,0.0,0.0,0.0,0.0,2.0
Zip Code: 98146,Single Family Residential,34.0,85.0,56.0,60.0,49.0,13.0,36.0,79.0,65.0,16.0,12.0,21.0,28.0,34.0,46.0,53.0,60.0,31.0,70.0,14.0,87.0,67.0,7.0,33.0,18.0,79.0,33.0,33.0,27.0,31.0,54.0,39.0,53.0,34.0,45.0,50.0,10.0,20.0,18.0,41.0,21.0,23.0,19.0,28.0,64.0,56.0,31.0,47.0,40.0,13.0,19.0,57.0,19.0,36.0,24.0,33.0,22.0,75.0,72.0,51.0,13.0,55.0,42.0,49.0,68.0,59.0,16.0,29.0,48.0,55.0,46.0,33.0,22.0,75.0,23.0,33.0,97.0,66.0,75.0,39.0,13.0,25.0,8.0,23.0,17.0,15.0,28.0,32.0,32.0,14.0,32.0,22.0,35.0,69.0,53.0,52.0,56.0,38.0,46.0,34.0,26.0,20.0,15.0,58.0,22.0,47.0,61.0,26.0,56.0,24.0,18.0,56.0,31.0,37.0,20.0,81.0,14.0,19.0,77.0,47.0,35.0,11.0,32.0,34.0,86.0,38.0,21.0,48.0,44.0,18.0,63.0,37.0,12.0,78.0,18.0,54.0,14.0,25.0,93.0,49.0,48.0,44.0,44.0,22.0
Zip Code: 98146,Townhouse,1.0,7.0,4.0,0.0,2.0,1.0,0.0,0.0,5.0,0.0,3.0,0.0,1.0,3.0,0.0,1.0,0.0,2.0,0.0,1.0,0.0,4.0,1.0,0.0,0.0,7.0,3.0,0.0,0.0,1.0,0.0,0.0,3.0,0.0,1.0,0.0,0.0,0.0,0.0,0.0,1.0,0.0,1.0,2.0,0.0,0.0,1.0,2.0,3.0,0.0,1.0,1.0,1.0,2.0,0.0,0.0,0.0,5.0,0.0,0.0,0.0,4.0,0.0,2.0,0.0,1.0,2.0,2.0,2.0,0.0,2.0,0.0,0.0,0.0,0.0,1.0,0.0,0.0,0.0,2.0,1.0,0.0,0.0,0.0,1.0,1.0,2.0,1.0,4.0,3.0,0.0,0.0,0.0,0.0,1.0,3.0,0.0,1.0,5.0,0.0,0.0,0.0,0.0,2.0,2.0,3.0,1.0,0.0,1.0,3.0,0.0,3.0,1.0,0.0,1.0,1.0,3.0,0.0,1.0,0.0,0.0,0.0,4.0,0.0,0.0,2.0,1.0,3.0,1.0,2.0,1.0,1.0,2.0,0.0,2.0,1.0,0.0,1.0,1.0,1.0,2.0,3.0,0.0,0.0
Zip Code: 98175,All Residential,0.0,0.0,0.0,0.0,0.0,0.0,0.0,0.0,0.0,0.0,0.0,0.0,0.0,1.0,0.0,0.0,0.0,0.0,0.0,0.0,0.0,0.0,0.0,0.0,0.0,0.0,0.0,0.0,0.0,0.0,0.0,0.0,0.0,0.0,0.0,0.0,0.0,0.0,0.0,0.0,0.0,0.0,0.0,0.0,0.0,0.0,0.0,0.0,0.0,0.0,0.0,0.0,0.0,0.0,0.0,0.0,0.0,0.0,0.0,0.0,0.0,0.0,0.0,0.0,2.0,0.0,0.0,0.0,0.0,0.0,0.0,0.0,1.0,1.0,0.0,0.0,0.0,0.0,0.0,0.0,0.0,0.0,0.0,0.0,0.0,0.0,0.0,0.0,0.0,0.0,0.0,0.0,0.0,0.0,0.0,0.0,0.0,0.0,0.0,0.0,0.0,0.0,0.0,1.0,0.0,0.0,0.0,0.0,0.0,0.0,0.0,0.0,0.0,0.0,0.0,0.0,0.0,0.0,1.0,0.0,0.0,0.0,0.0,0.0,0.0,0.0,0.0,0.0,1.0,0.0,0.0,0.0,0.0,0.0,0.0,0.0,0.0,0.0,0.0,0.0,0.0,0.0,0.0,0.0
Zip Code: 98175,Condo/Co-op,0.0,0.0,0.0,0.0,0.0,0.0,0.0,0.0,0.0,0.0,0.0,0.0,0.0,1.0,0.0,0.0,0.0,0.0,0.0,0.0,0.0,0.0,0.0,0.0,0.0,0.0,0.0,0.0,0.0,0.0,0.0,0.0,0.0,0.0,0.0,0.0,0.0,0.0,0.0,0.0,0.0,0.0,0.0,0.0,0.0,0.0,0.0,0.0,0.0,0.0,0.0,0.0,0.0,0.0,0.0,0.0,0.0,0.0,0.0,0.0,0.0,0.0,0.0,0.0,0.0,0.0,0.0,0.0,0.0,0.0,0.0,0.0,0.0,0.0,0.0,0.0,0.0,0.0,0.0,0.0,0.0,0.0,0.0,0.0,0.0,0.0,0.0,0.0,0.0,0.0,0.0,0.0,0.0,0.0,0.0,0.0,0.0,0.0,0.0,0.0,0.0,0.0,0.0,0.0,0.0,0.0,0.0,0.0,0.0,0.0,0.0,0.0,0.0,0.0,0.0,0.0,0.0,0.0,0.0,0.0,0.0,0.0,0.0,0.0,0.0,0.0,0.0,0.0,0.0,0.0,0.0,0.0,0.0,0.0,0.0,0.0,0.0,0.0,0.0,0.0,0.0,0.0,0.0,0.0
Zip Code: 98175,Multi-Family (2-4 Unit),0.0,0.0,0.0,0.0,0.0,0.0,0.0,0.0,0.0,0.0,0.0,0.0,0.0,0.0,0.0,0.0,0.0,0.0,0.0,0.0,0.0,0.0,0.0,0.0,0.0,0.0,0.0,0.0,0.0,0.0,0.0,0.0,0.0,0.0,0.0,0.0,0.0,0.0,0.0,0.0,0.0,0.0,0.0,0.0,0.0,0.0,0.0,0.0,0.0,0.0,0.0,0.0,0.0,0.0,0.0,0.0,0.0,0.0,0.0,0.0,0.0,0.0,0.0,0.0,0.0,0.0,0.0,0.0,0.0,0.0,0.0,0.0,0.0,0.0,0.0,0.0,0.0,0.0,0.0,0.0,0.0,0.0,0.0,0.0,0.0,0.0,0.0,0.0,0.0,0.0,0.0,0.0,0.0,0.0,0.0,0.0,0.0,0.0,0.0,0.0,0.0,0.0,0.0,0.0,0.0,0.0,0.0,0.0,0.0,0.0,0.0,0.0,0.0,0.0,0.0,0.0,0.0,0.0,0.0,0.0,0.0,0.0,0.0,0.0,0.0,0.0,0.0,0.0,0.0,0.0,0.0,0.0,0.0,0.0,0.0,0.0,0.0,0.0,0.0,0.0,0.0,0.0,0.0,0.0
Zip Code: 98175,Single Family Residential,0.0,0.0,0.0,0.0,0.0,0.0,0.0,0.0,0.0,0.0,0.0,0.0,0.0,0.0,0.0,0.0,0.0,0.0,0.0,0.0,0.0,0.0,0.0,0.0,0.0,0.0,0.0,0.0,0.0,0.0,0.0,0.0,0.0,0.0,0.0,0.0,0.0,0.0,0.0,0.0,0.0,0.0,0.0,0.0,0.0,0.0,0.0,0.0,0.0,0.0,0.0,0.0,0.0,0.0,0.0,0.0,0.0,0.0,0.0,0.0,0.0,0.0,0.0,0.0,0.0,0.0,0.0,0.0,0.0,0.0,0.0,0.0,1.0,0.0,0.0,0.0,0.0,0.0,0.0,0.0,0.0,0.0,0.0,0.0,0.0,0.0,0.0,0.0,0.0,0.0,0.0,0.0,0.0,0.0,0.0,0.0,0.0,0.0,0.0,0.0,0.0,0.0,0.0,0.0,0.0,0.0,0.0,0.0,0.0,0.0,0.0,0.0,0.0,0.0,0.0,0.0,0.0,0.0,0.0,0.0,0.0,0.0,0.0,0.0,0.0,0.0,0.0,0.0,0.0,0.0,0.0,0.0,0.0,0.0,0.0,0.0,0.0,0.0,0.0,0.0,0.0,0.0,0.0,0.0
Zip Code: 98175,Townhouse,0.0,0.0,0.0,0.0,0.0,0.0,0.0,0.0,0.0,0.0,0.0,0.0,0.0,0.0,0.0,0.0,0.0,0.0,0.0,0.0,0.0,0.0,0.0,0.0,0.0,0.0,0.0,0.0,0.0,0.0,0.0,0.0,0.0,0.0,0.0,0.0,0.0,0.0,0.0,0.0,0.0,0.0,0.0,0.0,0.0,0.0,0.0,0.0,0.0,0.0,0.0,0.0,0.0,0.0,0.0,0.0,0.0,0.0,0.0,0.0,0.0,0.0,0.0,0.0,1.0,0.0,0.0,0.0,0.0,0.0,0.0,0.0,0.0,0.0,0.0,0.0,0.0,0.0,0.0,0.0,0.0,0.0,0.0,0.0,0.0,0.0,0.0,0.0,0.0,0.0,0.0,0.0,0.0,0.0,0.0,0.0,0.0,0.0,0.0,0.0,0.0,0.0,0.0,0.0,0.0,0.0,0.0,0.0,0.0,0.0,0.0,0.0,0.0,0.0,0.0,0.0,0.0,0.0,0.0,0.0,0.0,0.0,0.0,0.0,0.0,0.0,0.0,0.0,0.0,0.0,0.0,0.0,0.0,0.0,0.0,0.0,0.0,0.0,0.0,0.0,0.0,0.0,0.0,0.0
Zip Code: 98177,All Residential,31.0,65.0,41.0,32.0,39.0,8.0,30.0,77.0,60.0,13.0,9.0,19.0,21.0,34.0,51.0,69.0,36.0,39.0,62.0,19.0,64.0,54.0,9.0,25.0,12.0,62.0,28.0,37.0,26.0,26.0,45.0,31.0,37.0,33.0,40.0,54.0,23.0,17.0,24.0,42.0,14.0,15.0,8.0,22.0,62.0,35.0,30.0,56.0,33.0,0.0,10.0,45.0,23.0,36.0,29.0,33.0,19.0,60.0,59.0,35.0,15.0,51.0,51.0,56.0,81.0,57.0,23.0,25.0,28.0,41.0,38.0,11.0,19.0,73.0,10.0,23.0,60.0,54.0,45.0,34.0,21.0,15.0,1.0,19.0,22.0,22.0,31.0,36.0,35.0,15.0,29.0,25.0,35.0,51.0,51.0,54.0,41.0,26.0,39.0,28.0,17.0,12.0,7.0,68.0,17.0,72.0,29.0,24.0,52.0,18.0,17.0,39.0,24.0,19.0,24.0,82.0,14.0,5.0,78.0,42.0,25.0,8.0,40.0,32.0,61.0,22.0,18.0,35.0,36.0,19.0,38.0,31.0,13.0,73.0,8.0,33.0,3.0,13.0,53.0,54.0,64.0,42.0,36.0,22.0
Zip Code: 98177,Condo/Co-op,3.0,3.0,3.0,1.0,3.0,0.0,0.0,5.0,2.0,0.0,0.0,2.0,3.0,4.0,3.0,14.0,4.0,2.0,6.0,1.0,5.0,4.0,1.0,0.0,0.0,3.0,4.0,1.0,3.0,1.0,7.0,3.0,0.0,1.0,0.0,11.0,0.0,0.0,1.0,7.0,0.0,0.0,1.0,1.0,3.0,3.0,5.0,5.0,2.0,0.0,2.0,2.0,2.0,3.0,1.0,0.0,0.0,5.0,4.0,2.0,0.0,2.0,6.0,2.0,6.0,8.0,0.0,0.0,2.0,6.0,1.0,0.0,4.0,5.0,2.0,4.0,1.0,7.0,1.0,4.0,1.0,0.0,0.0,0.0,0.0,0.0,2.0,7.0,1.0,1.0,1.0,1.0,3.0,4.0,5.0,7.0,4.0,4.0,5.0,2.0,0.0,0.0,2.0,8.0,0.0,15.0,1.0,1.0,2.0,1.0,0.0,2.0,1.0,2.0,5.0,6.0,4.0,0.0,8.0,0.0,4.0,0.0,6.0,4.0,2.0,1.0,1.0,3.0,1.0,2.0,4.0,1.0,0.0,5.0,1.0,0.0,0.0,1.0,0.0,3.0,10.0,0.0,2.0,2.0
Zip Code: 98177,Multi-Family (2-4 Unit),0.0,0.0,0.0,0.0,1.0,0.0,0.0,0.0,0.0,0.0,0.0,0.0,0.0,1.0,0.0,0.0,0.0,0.0,0.0,0.0,0.0,0.0,0.0,0.0,0.0,0.0,0.0,0.0,0.0,0.0,0.0,0.0,0.0,0.0,0.0,1.0,0.0,0.0,0.0,1.0,0.0,0.0,0.0,0.0,0.0,0.0,0.0,3.0,0.0,0.0,0.0,0.0,0.0,0.0,0.0,0.0,0.0,2.0,0.0,0.0,0.0,0.0,0.0,0.0,0.0,0.0,0.0,0.0,0.0,0.0,3.0,0.0,0.0,0.0,1.0,0.0,0.0,0.0,0.0,1.0,0.0,0.0,0.0,0.0,0.0,0.0,0.0,0.0,0.0,0.0,0.0,0.0,0.0,0.0,0.0,0.0,0.0,0.0,0.0,1.0,0.0,0.0,0.0,3.0,0.0,1.0,0.0,0.0,0.0,0.0,0.0,0.0,0.0,0.0,0.0,0.0,0.0,1.0,0.0,0.0,0.0,0.0,0.0,0.0,0.0,0.0,0.0,0.0,0.0,0.0,0.0,0.0,0.0,0.0,0.0,0.0,0.0,0.0,0.0,1.0,0.0,0.0,0.0,0.0
Zip Code: 98177,Single Family Residential,25.0,58.0,35.0,25.0,35.0,8.0,25.0,70.0,53.0,13.0,9.0,13.0,14.0,28.0,48.0,54.0,29.0,36.0,53.0,16.0,56.0,47.0,6.0,20.0,12.0,54.0,22.0,34.0,23.0,25.0,35.0,28.0,33.0,26.0,37.0,40.0,18.0,16.0,22.0,30.0,12.0,15.0,6.0,19.0,54.0,26.0,25.0,45.0,28.0,0.0,8.0,41.0,19.0,32.0,23.0,32.0,18.0,50.0,54.0,33.0,14.0,47.0,42.0,52.0,71.0,46.0,18.0,25.0,25.0,34.0,31.0,11.0,14.0,65.0,5.0,19.0,55.0,44.0,40.0,28.0,18.0,15.0,1.0,19.0,20.0,17.0,27.0,28.0,33.0,11.0,23.0,23.0,28.0,47.0,43.0,46.0,35.0,22.0,34.0,25.0,17.0,9.0,5.0,51.0,17.0,54.0,22.0,21.0,45.0,17.0,17.0,37.0,23.0,16.0,17.0,74.0,9.0,4.0,67.0,40.0,21.0,7.0,31.0,24.0,55.0,18.0,16.0,30.0,30.0,15.0,33.0,29.0,13.0,65.0,7.0,33.0,3.0,9.0,48.0,48.0,53.0,42.0,30.0,16.0
Zip Code: 98177,Townhouse,1.0,3.0,3.0,5.0,0.0,0.0,3.0,1.0,3.0,0.0,0.0,4.0,4.0,1.0,0.0,1.0,2.0,1.0,2.0,2.0,3.0,3.0,2.0,5.0,0.0,3.0,2.0,2.0,0.0,0.0,3.0,0.0,3.0,6.0,3.0,2.0,5.0,1.0,1.0,4.0,2.0,0.0,1.0,1.0,4.0,5.0,0.0,3.0,2.0,0.0,0.0,2.0,2.0,1.0,5.0,0.0,1.0,3.0,1.0,0.0,1.0,2.0,2.0,1.0,4.0,1.0,4.0,0.0,0.0,1.0,3.0,0.0,1.0,2.0,2.0,0.0,4.0,3.0,4.0,1.0,2.0,0.0,0.0,0.0,2.0,5.0,2.0,1.0,1.0,3.0,5.0,1.0,4.0,0.0,2.0,1.0,2.0,0.0,0.0,0.0,0.0,3.0,0.0,6.0,0.0,2.0,5.0,2.0,5.0,0.0,0.0,0.0,0.0,0.0,2.0,2.0,1.0,0.0,3.0,1.0,0.0,1.0,2.0,3.0,4.0,2.0,1.0,2.0,2.0,1.0,1.0,1.0,0.0,3.0,0.0,0.0,0.0,2.0,5.0,2.0,1.0,0.0,4.0,4.0
Zip Code: 98178,All Residential,50.0,80.0,62.0,72.0,78.0,17.0,35.0,88.0,67.0,30.0,24.0,19.0,36.0,28.0,76.0,70.0,57.0,47.0,86.0,29.0,104.0,77.0,11.0,39.0,33.0,92.0,61.0,45.0,51.0,31.0,79.0,33.0,63.0,39.0,49.0,58.0,19.0,30.0,25.0,39.0,29.0,36.0,31.0,42.0,59.0,71.0,52.0,74.0,55.0,12.0,33.0,49.0,27.0,51.0,34.0,42.0,24.0,89.0,83.0,60.0,21.0,55.0,60.0,54.0,90.0,85.0,15.0,37.0,53.0,69.0,72.0,26.0,25.0,87.0,18.0,33.0,83.0,83.0,83.0,44.0,27.0,20.0,13.0,23.0,18.0,15.0,50.0,65.0,50.0,30.0,43.0,28.0,36.0,96.0,72.0,59.0,73.0,33.0,46.0,31.0,31.0,26.0,13.0,87.0,25.0,72.0,67.0,27.0,55.0,32.0,28.0,57.0,23.0,41.0,53.0,91.0,42.0,9.0,94.0,49.0,50.0,12.0,39.0,58.0,89.0,32.0,22.0,58.0,76.0,40.0,63.0,45.0,22.0,100.0,33.0,48.0,5.0,18.0,86.0,55.0,68.0,47.0,46.0,24.0
Zip Code: 98178,Condo/Co-op,1.0,2.0,0.0,1.0,3.0,1.0,0.0,0.0,2.0,3.0,0.0,0.0,0.0,0.0,2.0,0.0,0.0,3.0,1.0,0.0,4.0,1.0,1.0,0.0,0.0,2.0,2.0,0.0,3.0,2.0,0.0,4.0,0.0,0.0,0.0,2.0,0.0,1.0,0.0,2.0,0.0,0.0,2.0,2.0,2.0,2.0,3.0,1.0,1.0,1.0,1.0,0.0,1.0,2.0,1.0,0.0,1.0,1.0,1.0,2.0,1.0,2.0,2.0,1.0,1.0,2.0,0.0,0.0,0.0,5.0,1.0,0.0,0.0,1.0,1.0,1.0,1.0,0.0,2.0,2.0,0.0,0.0,0.0,0.0,1.0,1.0,0.0,2.0,0.0,3.0,2.0,1.0,0.0,2.0,1.0,1.0,0.0,2.0,0.0,2.0,0.0,0.0,0.0,2.0,0.0,1.0,1.0,0.0,0.0,0.0,0.0,0.0,0.0,0.0,2.0,2.0,2.0,1.0,1.0,0.0,0.0,2.0,2.0,1.0,1.0,1.0,0.0,0.0,1.0,6.0,5.0,2.0,1.0,5.0,2.0,0.0,0.0,0.0,0.0,0.0,1.0,1.0,0.0,1.0
Zip Code: 98178,Multi-Family (2-4 Unit),1.0,0.0,1.0,0.0,0.0,0.0,0.0,0.0,2.0,0.0,0.0,0.0,2.0,0.0,0.0,0.0,2.0,0.0,0.0,0.0,0.0,1.0,0.0,0.0,2.0,2.0,1.0,0.0,0.0,0.0,0.0,0.0,0.0,0.0,0.0,0.0,0.0,1.0,0.0,1.0,0.0,0.0,1.0,0.0,2.0,0.0,0.0,0.0,0.0,0.0,0.0,2.0,0.0,2.0,0.0,0.0,1.0,2.0,0.0,0.0,0.0,0.0,0.0,0.0,0.0,0.0,0.0,0.0,1.0,0.0,0.0,0.0,0.0,0.0,0.0,0.0,0.0,0.0,0.0,0.0,1.0,0.0,0.0,0.0,1.0,0.0,2.0,0.0,0.0,0.0,0.0,1.0,0.0,0.0,0.0,0.0,0.0,0.0,1.0,2.0,0.0,0.0,0.0,0.0,1.0,0.0,0.0,0.0,0.0,0.0,1.0,2.0,2.0,1.0,1.0,0.0,1.0,0.0,0.0,0.0,1.0,0.0,1.0,2.0,0.0,0.0,0.0,2.0,0.0,0.0,0.0,2.0,0.0,0.0,0.0,2.0,0.0,0.0,0.0,3.0,0.0,0.0,0.0,0.0
Zip Code: 98178,Single Family Residential,45.0,75.0,59.0,67.0,71.0,13.0,33.0,86.0,63.0,23.0,22.0,13.0,27.0,23.0,71.0,67.0,55.0,43.0,82.0,26.0,100.0,75.0,10.0,37.0,31.0,88.0,58.0,43.0,38.0,26.0,75.0,26.0,61.0,38.0,46.0,49.0,13.0,28.0,21.0,30.0,26.0,36.0,21.0,37.0,55.0,65.0,47.0,71.0,52.0,10.0,21.0,45.0,22.0,45.0,29.0,42.0,22.0,86.0,80.0,55.0,16.0,51.0,52.0,52.0,87.0,80.0,15.0,34.0,51.0,60.0,68.0,24.0,21.0,84.0,16.0,27.0,80.0,79.0,77.0,39.0,26.0,20.0,10.0,19.0,15.0,13.0,45.0,63.0,48.0,26.0,40.0,25.0,32.0,91.0,62.0,54.0,65.0,27.0,43.0,27.0,28.0,22.0,9.0,82.0,24.0,65.0,64.0,24.0,51.0,29.0,26.0,54.0,20.0,39.0,50.0,87.0,39.0,7.0,91.0,49.0,42.0,9.0,30.0,47.0,85.0,29.0,18.0,54.0,73.0,31.0,54.0,40.0,19.0,94.0,31.0,45.0,4.0,16.0,82.0,50.0,62.0,45.0,42.0,19.0
Zip Code: 98178,Townhouse,3.0,1.0,0.0,0.0,0.0,2.0,2.0,0.0,0.0,3.0,1.0,0.0,7.0,4.0,2.0,2.0,0.0,0.0,0.0,3.0,0.0,0.0,0.0,1.0,0.0,0.0,0.0,0.0,10.0,3.0,0.0,3.0,0.0,0.0,0.0,6.0,0.0,0.0,2.0,6.0,3.0,0.0,7.0,3.0,0.0,0.0,0.0,2.0,0.0,0.0,11.0,0.0,4.0,2.0,2.0,0.0,0.0,0.0,1.0,2.0,4.0,0.0,4.0,1.0,0.0,3.0,0.0,0.0,0.0,0.0,3.0,0.0,4.0,0.0,1.0,4.0,1.0,0.0,3.0,3.0,0.0,0.0,2.0,1.0,1.0,1.0,1.0,0.0,0.0,1.0,1.0,1.0,2.0,2.0,6.0,1.0,0.0,3.0,0.0,0.0,0.0,4.0,3.0,3.0,0.0,5.0,0.0,3.0,0.0,0.0,0.0,0.0,1.0,0.0,0.0,0.0,0.0,1.0,0.0,0.0,7.0,1.0,6.0,8.0,2.0,2.0,3.0,0.0,2.0,3.0,3.0,1.0,1.0,0.0,0.0,0.0,0.0,2.0,2.0,0.0,3.0,0.0,2.0,2.0
Zip Code: 98185,All Residential,0.0,0.0,0.0,0.0,0.0,0.0,0.0,0.0,0.0,0.0,0.0,0.0,0.0,0.0,0.0,0.0,0.0,0.0,0.0,0.0,0.0,0.0,0.0,0.0,0.0,0.0,0.0,0.0,0.0,0.0,0.0,0.0,0.0,0.0,0.0,0.0,0.0,0.0,0.0,0.0,0.0,0.0,0.0,0.0,0.0,0.0,0.0,0.0,0.0,0.0,0.0,0.0,0.0,0.0,0.0,0.0,0.0,0.0,0.0,0.0,0.0,0.0,0.0,0.0,0.0,0.0,0.0,0.0,0.0,0.0,0.0,0.0,0.0,0.0,0.0,0.0,0.0,0.0,0.0,0.0,0.0,0.0,0.0,0.0,0.0,0.0,0.0,0.0,0.0,0.0,0.0,0.0,0.0,0.0,0.0,0.0,0.0,0.0,0.0,0.0,0.0,0.0,0.0,0.0,0.0,0.0,0.0,0.0,0.0,0.0,0.0,0.0,0.0,0.0,0.0,0.0,0.0,0.0,0.0,0.0,0.0,0.0,0.0,0.0,0.0,0.0,0.0,0.0,0.0,0.0,0.0,0.0,0.0,0.0,0.0,0.0,0.0,0.0,0.0,0.0,0.0,0.0,0.0,0.0
Zip Code: 98185,Single Family Residential,0.0,0.0,0.0,0.0,0.0,0.0,0.0,0.0,0.0,0.0,0.0,0.0,0.0,0.0,0.0,0.0,0.0,0.0,0.0,0.0,0.0,0.0,0.0,0.0,0.0,0.0,0.0,0.0,0.0,0.0,0.0,0.0,0.0,0.0,0.0,0.0,0.0,0.0,0.0,0.0,0.0,0.0,0.0,0.0,0.0,0.0,0.0,0.0,0.0,0.0,0.0,0.0,0.0,0.0,0.0,0.0,0.0,0.0,0.0,0.0,0.0,0.0,0.0,0.0,0.0,0.0,0.0,0.0,0.0,0.0,0.0,0.0,0.0,0.0,0.0,0.0,0.0,0.0,0.0,0.0,0.0,0.0,0.0,0.0,0.0,0.0,0.0,0.0,0.0,0.0,0.0,0.0,0.0,0.0,0.0,0.0,0.0,0.0,0.0,0.0,0.0,0.0,0.0,0.0,0.0,0.0,0.0,0.0,0.0,0.0,0.0,0.0,0.0,0.0,0.0,0.0,0.0,0.0,0.0,0.0,0.0,0.0,0.0,0.0,0.0,0.0,0.0,0.0,0.0,0.0,0.0,0.0,0.0,0.0,0.0,0.0,0.0,0.0,0.0,0.0,0.0,0.0,0.0,0.0
Zip Code: 98194,All Residential,0.0,0.0,0.0,0.0,0.0,0.0,0.0,0.0,0.0,0.0,1.0,0.0,0.0,0.0,0.0,0.0,0.0,0.0,0.0,0.0,0.0,0.0,3.0,0.0,0.0,0.0,0.0,0.0,0.0,0.0,0.0,0.0,0.0,0.0,0.0,0.0,0.0,0.0,0.0,0.0,1.0,0.0,0.0,0.0,0.0,0.0,0.0,0.0,0.0,0.0,0.0,0.0,0.0,0.0,0.0,0.0,0.0,0.0,0.0,0.0,0.0,0.0,0.0,0.0,0.0,0.0,0.0,0.0,0.0,0.0,0.0,0.0,0.0,0.0,0.0,0.0,0.0,0.0,0.0,0.0,0.0,0.0,0.0,0.0,0.0,0.0,0.0,0.0,0.0,0.0,0.0,0.0,0.0,0.0,0.0,0.0,0.0,0.0,0.0,0.0,0.0,0.0,0.0,0.0,0.0,0.0,0.0,0.0,0.0,0.0,0.0,0.0,0.0,0.0,0.0,0.0,0.0,3.0,0.0,0.0,0.0,3.0,0.0,0.0,0.0,0.0,0.0,0.0,0.0,0.0,0.0,0.0,0.0,0.0,0.0,0.0,0.0,0.0,0.0,0.0,0.0,0.0,0.0,0.0
Zip Code: 98194,Condo/Co-op,0.0,0.0,0.0,0.0,0.0,0.0,0.0,0.0,0.0,0.0,1.0,0.0,0.0,0.0,0.0,0.0,0.0,0.0,0.0,0.0,0.0,0.0,3.0,0.0,0.0,0.0,0.0,0.0,0.0,0.0,0.0,0.0,0.0,0.0,0.0,0.0,0.0,0.0,0.0,0.0,1.0,0.0,0.0,0.0,0.0,0.0,0.0,0.0,0.0,0.0,0.0,0.0,0.0,0.0,0.0,0.0,0.0,0.0,0.0,0.0,0.0,0.0,0.0,0.0,0.0,0.0,0.0,0.0,0.0,0.0,0.0,0.0,0.0,0.0,0.0,0.0,0.0,0.0,0.0,0.0,0.0,0.0,0.0,0.0,0.0,0.0,0.0,0.0,0.0,0.0,0.0,0.0,0.0,0.0,0.0,0.0,0.0,0.0,0.0,0.0,0.0,0.0,0.0,0.0,0.0,0.0,0.0,0.0,0.0,0.0,0.0,0.0,0.0,0.0,0.0,0.0,0.0,3.0,0.0,0.0,0.0,3.0,0.0,0.0,0.0,0.0,0.0,0.0,0.0,0.0,0.0,0.0,0.0,0.0,0.0,0.0,0.0,0.0,0.0,0.0,0.0,0.0,0.0,0.0
Zip Code: 98194,Townhouse,0.0,0.0,0.0,0.0,0.0,0.0,0.0,0.0,0.0,0.0,0.0,0.0,0.0,0.0,0.0,0.0,0.0,0.0,0.0,0.0,0.0,0.0,0.0,0.0,0.0,0.0,0.0,0.0,0.0,0.0,0.0,0.0,0.0,0.0,0.0,0.0,0.0,0.0,0.0,0.0,0.0,0.0,0.0,0.0,0.0,0.0,0.0,0.0,0.0,0.0,0.0,0.0,0.0,0.0,0.0,0.0,0.0,0.0,0.0,0.0,0.0,0.0,0.0,0.0,0.0,0.0,0.0,0.0,0.0,0.0,0.0,0.0,0.0,0.0,0.0,0.0,0.0,0.0,0.0,0.0,0.0,0.0,0.0,0.0,0.0,0.0,0.0,0.0,0.0,0.0,0.0,0.0,0.0,0.0,0.0,0.0,0.0,0.0,0.0,0.0,0.0,0.0,0.0,0.0,0.0,0.0,0.0,0.0,0.0,0.0,0.0,0.0,0.0,0.0,0.0,0.0,0.0,0.0,0.0,0.0,0.0,0.0,0.0,0.0,0.0,0.0,0.0,0.0,0.0,0.0,0.0,0.0,0.0,0.0,0.0,0.0,0.0,0.0,0.0,0.0,0.0,0.0,0.0,0.0
Zip Code: 98199,All Residential,40.0,84.0,39.0,44.0,55.0,18.0,65.0,87.0,70.0,21.0,26.0,25.0,30.0,36.0,65.0,94.0,55.0,41.0,73.0,46.0,85.0,52.0,26.0,59.0,41.0,72.0,46.0,43.0,42.0,60.0,49.0,49.0,45.0,63.0,44.0,59.0,19.0,46.0,50.0,56.0,53.0,21.0,27.0,32.0,58.0,48.0,30.0,65.0,32.0,10.0,36.0,31.0,32.0,40.0,50.0,25.0,23.0,77.0,73.0,65.0,38.0,48.0,62.0,48.0,92.0,64.0,39.0,33.0,36.0,50.0,60.0,18.0,23.0,82.0,37.0,47.0,74.0,67.0,56.0,43.0,44.0,31.0,12.0,41.0,40.0,36.0,38.0,55.0,35.0,22.0,63.0,45.0,61.0,69.0,67.0,59.0,51.0,41.0,47.0,34.0,26.0,32.0,15.0,85.0,41.0,86.0,43.0,59.0,42.0,29.0,39.0,53.0,48.0,30.0,31.0,80.0,19.0,37.0,82.0,48.0,40.0,28.0,50.0,47.0,73.0,72.0,30.0,32.0,50.0,34.0,60.0,30.0,17.0,83.0,21.0,37.0,13.0,61.0,76.0,36.0,73.0,45.0,70.0,33.0
Zip Code: 98199,Condo/Co-op,7.0,12.0,3.0,1.0,13.0,3.0,11.0,15.0,11.0,4.0,2.0,3.0,7.0,9.0,13.0,16.0,7.0,1.0,16.0,17.0,21.0,9.0,11.0,7.0,2.0,12.0,2.0,6.0,7.0,12.0,10.0,11.0,7.0,9.0,7.0,11.0,1.0,4.0,6.0,12.0,13.0,6.0,4.0,5.0,8.0,4.0,1.0,10.0,2.0,1.0,6.0,5.0,11.0,7.0,11.0,5.0,4.0,12.0,14.0,12.0,9.0,6.0,8.0,9.0,13.0,12.0,9.0,7.0,5.0,9.0,9.0,3.0,7.0,11.0,10.0,9.0,10.0,13.0,7.0,7.0,4.0,6.0,4.0,9.0,7.0,6.0,4.0,7.0,4.0,0.0,10.0,4.0,12.0,13.0,9.0,12.0,10.0,8.0,1.0,5.0,5.0,7.0,3.0,12.0,7.0,14.0,5.0,14.0,5.0,7.0,5.0,7.0,4.0,7.0,5.0,17.0,3.0,11.0,9.0,11.0,6.0,9.0,10.0,8.0,10.0,13.0,6.0,1.0,9.0,4.0,11.0,6.0,4.0,21.0,5.0,4.0,4.0,13.0,13.0,6.0,13.0,7.0,11.0,6.0
Zip Code: 98199,Multi-Family (2-4 Unit),2.0,5.0,0.0,0.0,1.0,0.0,3.0,2.0,5.0,0.0,0.0,0.0,0.0,0.0,2.0,3.0,4.0,0.0,2.0,2.0,2.0,0.0,0.0,0.0,0.0,3.0,0.0,0.0,0.0,2.0,0.0,2.0,3.0,1.0,1.0,2.0,1.0,2.0,0.0,0.0,2.0,0.0,0.0,0.0,5.0,0.0,0.0,2.0,0.0,0.0,0.0,0.0,1.0,1.0,1.0,1.0,0.0,0.0,4.0,1.0,2.0,1.0,0.0,1.0,2.0,1.0,0.0,4.0,0.0,1.0,1.0,0.0,1.0,2.0,2.0,3.0,3.0,0.0,2.0,0.0,0.0,0.0,0.0,0.0,0.0,0.0,3.0,0.0,1.0,0.0,1.0,2.0,1.0,2.0,1.0,2.0,0.0,1.0,1.0,1.0,0.0,2.0,1.0,1.0,0.0,2.0,0.0,1.0,1.0,0.0,2.0,0.0,0.0,0.0,0.0,2.0,0.0,1.0,2.0,2.0,0.0,1.0,0.0,0.0,2.0,4.0,1.0,1.0,1.0,0.0,0.0,1.0,1.0,0.0,0.0,1.0,0.0,4.0,2.0,1.0,0.0,0.0,0.0,1.0
Zip Code: 98199,Single Family Residential,29.0,59.0,34.0,38.0,32.0,12.0,42.0,59.0,49.0,12.0,23.0,12.0,20.0,20.0,40.0,66.0,41.0,35.0,49.0,16.0,58.0,38.0,13.0,40.0,26.0,49.0,43.0,33.0,26.0,39.0,35.0,29.0,32.0,40.0,33.0,39.0,11.0,27.0,33.0,34.0,29.0,12.0,21.0,26.0,41.0,37.0,27.0,44.0,26.0,8.0,26.0,19.0,16.0,32.0,25.0,16.0,17.0,58.0,49.0,45.0,24.0,36.0,45.0,35.0,69.0,38.0,25.0,20.0,30.0,34.0,46.0,12.0,11.0,63.0,18.0,29.0,53.0,48.0,43.0,26.0,27.0,19.0,6.0,24.0,22.0,21.0,28.0,46.0,27.0,19.0,38.0,29.0,35.0,48.0,48.0,41.0,39.0,27.0,39.0,24.0,19.0,16.0,10.0,54.0,32.0,62.0,34.0,25.0,27.0,16.0,28.0,38.0,40.0,20.0,26.0,56.0,14.0,20.0,67.0,30.0,24.0,13.0,34.0,31.0,53.0,41.0,17.0,26.0,38.0,29.0,42.0,23.0,11.0,52.0,15.0,27.0,8.0,32.0,53.0,26.0,50.0,35.0,41.0,15.0
Zip Code: 98199,Townhouse,2.0,8.0,2.0,3.0,9.0,3.0,9.0,11.0,5.0,5.0,1.0,10.0,3.0,7.0,10.0,9.0,3.0,5.0,6.0,11.0,4.0,5.0,2.0,10.0,12.0,8.0,1.0,4.0,8.0,7.0,4.0,7.0,3.0,13.0,3.0,7.0,6.0,13.0,11.0,9.0,9.0,3.0,2.0,1.0,4.0,5.0,2.0,9.0,3.0,1.0,4.0,7.0,4.0,0.0,13.0,3.0,2.0,7.0,6.0,7.0,3.0,5.0,9.0,3.0,8.0,13.0,5.0,2.0,0.0,6.0,4.0,3.0,4.0,6.0,7.0,6.0,8.0,4.0,4.0,10.0,11.0,6.0,2.0,8.0,10.0,8.0,3.0,2.0,3.0,3.0,14.0,10.0,13.0,6.0,9.0,4.0,2.0,5.0,6.0,4.0,2.0,7.0,1.0,18.0,2.0,8.0,2.0,19.0,9.0,6.0,4.0,7.0,4.0,3.0,0.0,5.0,2.0,5.0,4.0,5.0,8.0,5.0,6.0,8.0,8.0,14.0,6.0,4.0,2.0,1.0,6.0,0.0,1.0,10.0,1.0,5.0,1.0,12.0,8.0,3.0,8.0,3.0,18.0,11.0
