,Zipcode,period_end,inventory
70,98101,2018-01-31,18.0
71,98101,2018-02-28,44.0
72,98101,2018-03-31,46.0
73,98101,2018-04-30,53.0
74,98101,2018-05-31,61.0
75,98101,2018-06-30,61.0
76,98101,2018-07-31,35.0
77,98101,2018-08-31,47.0
78,98101,2018-09-30,57.0
79,98101,2018-10-31,61.0
80,98101,2018-11-30,50.0
81,98101,2018-12-31,37.0
82,98101,2019-01-31,38.0
83,98101,2019-02-28,43.0
84,98101,2019-03-31,65.0
85,98101,2019-04-30,71.0
86,98101,2019-05-31,76.0
87,98101,2019-06-30,71.0
88,98101,2019-07-31,56.0
89,98101,2019-08-31,57.0
90,98101,2019-09-30,62.0
91,98101,2019-10-31,53.0
92,98101,2019-11-30,46.0
93,98101,2019-12-31,37.0
94,98101,2020-01-31,29.0
95,98101,2020-02-29,43.0
96,98101,2020-03-31,53.0
97,98101,2020-04-30,61.0
98,98101,2020-05-31,65.0
99,98101,2020-06-30,100.0
100,98101,2020-07-31,103.0
101,98101,2020-08-31,121.0
102,98101,2020-09-30,130.0
103,98101,2020-10-31,117.0
104,98101,2020-11-30,89.0
105,98101,2020-12-31,73.0
106,98101,2021-01-31,66.0
107,98101,2021-02-28,60.0
108,98101,2021-03-31,60.0
109,98101,2021-04-30,57.0
110,98101,2021-05-31,50.0
111,98101,2021-06-30,63.0
112,98101,2021-07-31,66.0
113,98101,2021-08-31,65.0
114,98101,2021-09-30,69.0
115,98101,2021-10-31,63.0
116,98101,2021-11-30,58.0
117,98101,2021-12-31,41.0
118,98101,2022-01-31,36.0
119,98101,2022-02-28,44.0
120,98101,2022-03-31,49.0
121,98101,2022-04-30,55.0
122,98101,2022-05-31,68.0
123,98101,2022-06-30,76.0
124,98101,2022-07-31,67.0
125,98101,2022-08-31,61.0
126,98101,2022-09-30,62.0
127,98101,2022-10-31,71.0
128,98101,2022-11-30,54.0
129,98101,2022-12-31,44.0
214,98102,2018-01-31,20.0
215,98102,2018-02-28,21.0
216,98102,2018-03-31,34.0
217,98102,2018-04-30,35.0
218,98102,2018-05-31,36.0
219,98102,2018-06-30,41.0
220,98102,2018-07-31,46.0
221,98102,2018-08-31,46.0
222,98102,2018-09-30,67.0
223,98102,2018-10-31,70.0
224,98102,2018-11-30,58.0
225,98102,2018-12-31,45.0
226,98102,2019-01-31,49.0
227,98102,2019-02-28,56.0
228,98102,2019-03-31,68.0
229,98102,2019-04-30,77.0
230,98102,2019-05-31,97.0
231,98102,2019-06-30,99.0
232,98102,2019-07-31,97.0
233,98102,2019-08-31,83.0
234,98102,2019-09-30,82.0
235,98102,2019-10-31,80.0
236,98102,2019-11-30,61.0
237,98102,2019-12-31,53.0
238,98102,2020-01-31,45.0
239,98102,2020-02-29,45.0
240,98102,2020-03-31,61.0
241,98102,2020-04-30,61.0
242,98102,2020-05-31,70.0
243,98102,2020-06-30,73.0
244,98102,2020-07-31,86.0
245,98102,2020-08-31,107.0
246,98102,2020-09-30,120.0
247,98102,2020-10-31,121.0
248,98102,2020-11-30,100.0
249,98102,2020-12-31,66.0
250,98102,2021-01-31,67.0
251,98102,2021-02-28,74.0
252,98102,2021-03-31,90.0
253,98102,2021-04-30,95.0
254,98102,2021-05-31,96.0
255,98102,2021-06-30,91.0
256,98102,2021-07-31,83.0
257,98102,2021-08-31,61.0
258,98102,2021-09-30,70.0
259,98102,2021-10-31,54.0
260,98102,2021-11-30,31.0
261,98102,2021-12-31,21.0
262,98102,2022-01-31,21.0
263,98102,2022-02-28,29.0
264,98102,2022-03-31,31.0
265,98102,2022-04-30,36.0
266,98102,2022-05-31,48.0
267,98102,2022-06-30,67.0
268,98102,2022-07-31,62.0
269,98102,2022-08-31,58.0
270,98102,2022-09-30,54.0
271,98102,2022-10-31,44.0
272,98102,2022-11-30,42.0
273,98102,2022-12-31,33.0
358,98103,2018-01-31,24.0
359,98103,2018-02-28,25.0
360,98103,2018-03-31,31.0
361,98103,2018-04-30,38.0
362,98103,2018-05-31,63.0
363,98103,2018-06-30,68.0
364,98103,2018-07-31,86.0
365,98103,2018-08-31,86.0
366,98103,2018-09-30,132.0
367,98103,2018-10-31,136.0
368,98103,2018-11-30,111.0
369,98103,2018-12-31,83.0
370,98103,2019-01-31,85.0
371,98103,2019-02-28,87.0
372,98103,2019-03-31,86.0
373,98103,2019-04-30,101.0
374,98103,2019-05-31,116.0
375,98103,2019-06-30,132.0
376,98103,2019-07-31,105.0
377,98103,2019-08-31,107.0
378,98103,2019-09-30,134.0
379,98103,2019-10-31,113.0
380,98103,2019-11-30,76.0
381,98103,2019-12-31,51.0
382,98103,2020-01-31,49.0
383,98103,2020-02-29,58.0
384,98103,2020-03-31,72.0
385,98103,2020-04-30,74.0
386,98103,2020-05-31,77.0
387,98103,2020-06-30,89.0
388,98103,2020-07-31,102.0
389,98103,2020-08-31,110.0
390,98103,2020-09-30,140.0
391,98103,2020-10-31,127.0
392,98103,2020-11-30,95.0
393,98103,2020-12-31,61.0
394,98103,2021-01-31,63.0
395,98103,2021-02-28,51.0
396,98103,2021-03-31,59.0
397,98103,2021-04-30,64.0
398,98103,2021-05-31,57.0
399,98103,2021-06-30,67.0
400,98103,2021-07-31,76.0
401,98103,2021-08-31,71.0
402,98103,2021-09-30,75.0
403,98103,2021-10-31,73.0
404,98103,2021-11-30,35.0
405,98103,2021-12-31,25.0
406,98103,2022-01-31,14.0
407,98103,2022-02-28,29.0
408,98103,2022-03-31,42.0
409,98103,2022-04-30,41.0
410,98103,2022-05-31,50.0
411,98103,2022-06-30,88.0
412,98103,2022-07-31,109.0
413,98103,2022-08-31,96.0
414,98103,2022-09-30,119.0
415,98103,2022-10-31,103.0
416,98103,2022-11-30,76.0
417,98103,2022-12-31,61.0
502,98104,2018-01-31,8.0
503,98104,2018-02-28,10.0
504,98104,2018-03-31,11.0
505,98104,2018-04-30,13.0
506,98104,2018-05-31,14.0
507,98104,2018-06-30,15.0
508,98104,2018-07-31,21.0
509,98104,2018-08-31,13.0
510,98104,2018-09-30,19.0
511,98104,2018-10-31,25.0
512,98104,2018-11-30,27.0
513,98104,2018-12-31,23.0
514,98104,2019-01-31,25.0
515,98104,2019-02-28,23.0
516,98104,2019-03-31,32.0
517,98104,2019-04-30,35.0
518,98104,2019-05-31,45.0
519,98104,2019-06-30,47.0
520,98104,2019-07-31,43.0
521,98104,2019-08-31,42.0
522,98104,2019-09-30,49.0
523,98104,2019-10-31,46.0
524,98104,2019-11-30,41.0
525,98104,2019-12-31,32.0
526,98104,2020-01-31,30.0
527,98104,2020-02-29,32.0
528,98104,2020-03-31,28.0
529,98104,2020-04-30,30.0
530,98104,2020-05-31,31.0
531,98104,2020-06-30,35.0
532,98104,2020-07-31,43.0
533,98104,2020-08-31,48.0
534,98104,2020-09-30,48.0
535,98104,2020-10-31,46.0
536,98104,2020-11-30,40.0
537,98104,2020-12-31,39.0
538,98104,2021-01-31,36.0
539,98104,2021-02-28,44.0
540,98104,2021-03-31,45.0
541,98104,2021-04-30,44.0
542,98104,2021-05-31,42.0
543,98104,2021-06-30,45.0
544,98104,2021-07-31,45.0
545,98104,2021-08-31,42.0
546,98104,2021-09-30,40.0
547,98104,2021-10-31,48.0
548,98104,2021-11-30,40.0
549,98104,2021-12-31,30.0
550,98104,2022-01-31,32.0
551,98104,2022-02-28,35.0
552,98104,2022-03-31,35.0
553,98104,2022-04-30,37.0
554,98104,2022-05-31,36.0
555,98104,2022-06-30,49.0
556,98104,2022-07-31,43.0
557,98104,2022-08-31,42.0
558,98104,2022-09-30,38.0
559,98104,2022-10-31,43.0
560,98104,2022-11-30,41.0
561,98104,2022-12-31,28.0
646,98105,2018-01-31,22.0
647,98105,2018-02-28,18.0
648,98105,2018-03-31,20.0
649,98105,2018-04-30,19.0
650,98105,2018-05-31,35.0
651,98105,2018-06-30,37.0
652,98105,2018-07-31,46.0
653,98105,2018-08-31,34.0
654,98105,2018-09-30,46.0
655,98105,2018-10-31,47.0
656,98105,2018-11-30,44.0
657,98105,2018-12-31,29.0
658,98105,2019-01-31,26.0
659,98105,2019-02-28,30.0
660,98105,2019-03-31,45.0
661,98105,2019-04-30,60.0
662,98105,2019-05-31,62.0
663,98105,2019-06-30,56.0
664,98105,2019-07-31,60.0
665,98105,2019-08-31,54.0
666,98105,2019-09-30,63.0
667,98105,2019-10-31,48.0
668,98105,2019-11-30,37.0
669,98105,2019-12-31,24.0
670,98105,2020-01-31,26.0
671,98105,2020-02-29,36.0
672,98105,2020-03-31,38.0
673,98105,2020-04-30,48.0
674,98105,2020-05-31,37.0
675,98105,2020-06-30,45.0
676,98105,2020-07-31,47.0
677,98105,2020-08-31,67.0
678,98105,2020-09-30,79.0
679,98105,2020-10-31,70.0
680,98105,2020-11-30,51.0
681,98105,2020-12-31,34.0
682,98105,2021-01-31,30.0
683,98105,2021-02-28,32.0
684,98105,2021-03-31,30.0
685,98105,2021-04-30,38.0
686,98105,2021-05-31,36.0
687,98105,2021-06-30,35.0
688,98105,2021-07-31,46.0
689,98105,2021-08-31,42.0
690,98105,2021-09-30,52.0
691,98105,2021-10-31,39.0
692,98105,2021-11-30,27.0
693,98105,2021-12-31,18.0
694,98105,2022-01-31,19.0
695,98105,2022-02-28,18.0
696,98105,2022-03-31,20.0
697,98105,2022-04-30,28.0
698,98105,2022-05-31,33.0
699,98105,2022-06-30,45.0
700,98105,2022-07-31,63.0
701,98105,2022-08-31,55.0
702,98105,2022-09-30,66.0
703,98105,2022-10-31,65.0
704,98105,2022-11-30,46.0
705,98105,2022-12-31,34.0
790,98106,2018-01-31,16.0
791,98106,2018-02-28,14.0
792,98106,2018-03-31,22.0
793,98106,2018-04-30,34.0
794,98106,2018-05-31,38.0
795,98106,2018-06-30,48.0
796,98106,2018-07-31,65.0
797,98106,2018-08-31,74.0
798,98106,2018-09-30,90.0
799,98106,2018-10-31,95.0
800,98106,2018-11-30,76.0
801,98106,2018-12-31,63.0
802,98106,2019-01-31,63.0
803,98106,2019-02-28,64.0
804,98106,2019-03-31,76.0
805,98106,2019-04-30,81.0
806,98106,2019-05-31,99.0
807,98106,2019-06-30,96.0
808,98106,2019-07-31,93.0
809,98106,2019-08-31,92.0
810,98106,2019-09-30,87.0
811,98106,2019-10-31,72.0
812,98106,2019-11-30,59.0
813,98106,2019-12-31,55.0
814,98106,2020-01-31,48.0
815,98106,2020-02-29,43.0
816,98106,2020-03-31,59.0
817,98106,2020-04-30,72.0
818,98106,2020-05-31,70.0
819,98106,2020-06-30,65.0
820,98106,2020-07-31,82.0
821,98106,2020-08-31,88.0
822,98106,2020-09-30,80.0
823,98106,2020-10-31,84.0
824,98106,2020-11-30,59.0
825,98106,2020-12-31,35.0
826,98106,2021-01-31,30.0
827,98106,2021-02-28,17.0
828,98106,2021-03-31,18.0
829,98106,2021-04-30,28.0
830,98106,2021-05-31,29.0
831,98106,2021-06-30,41.0
832,98106,2021-07-31,44.0
833,98106,2021-08-31,42.0
834,98106,2021-09-30,55.0
835,98106,2021-10-31,50.0
836,98106,2021-11-30,30.0
837,98106,2021-12-31,19.0
838,98106,2022-01-31,12.0
839,98106,2022-02-28,12.0
840,98106,2022-03-31,20.0
841,98106,2022-04-30,24.0
842,98106,2022-05-31,28.0
843,98106,2022-06-30,34.0
844,98106,2022-07-31,51.0
845,98106,2022-08-31,54.0
846,98106,2022-09-30,68.0
847,98106,2022-10-31,65.0
848,98106,2022-11-30,58.0
849,98106,2022-12-31,46.0
934,98107,2018-01-31,7.0
935,98107,2018-02-28,9.0
936,98107,2018-03-31,12.0
937,98107,2018-04-30,21.0
938,98107,2018-05-31,26.0
939,98107,2018-06-30,35.0
940,98107,2018-07-31,37.0
941,98107,2018-08-31,46.0
942,98107,2018-09-30,61.0
943,98107,2018-10-31,69.0
944,98107,2018-11-30,63.0
945,98107,2018-12-31,35.0
946,98107,2019-01-31,49.0
947,98107,2019-02-28,53.0
948,98107,2019-03-31,71.0
949,98107,2019-04-30,76.0
950,98107,2019-05-31,94.0
951,98107,2019-06-30,86.0
952,98107,2019-07-31,80.0
953,98107,2019-08-31,74.0
954,98107,2019-09-30,90.0
955,98107,2019-10-31,70.0
956,98107,2019-11-30,44.0
957,98107,2019-12-31,23.0
958,98107,2020-01-31,26.0
959,98107,2020-02-29,23.0
960,98107,2020-03-31,39.0
961,98107,2020-04-30,48.0
962,98107,2020-05-31,50.0
963,98107,2020-06-30,60.0
964,98107,2020-07-31,58.0
965,98107,2020-08-31,62.0
966,98107,2020-09-30,79.0
967,98107,2020-10-31,80.0
968,98107,2020-11-30,61.0
969,98107,2020-12-31,48.0
970,98107,2021-01-31,56.0
971,98107,2021-02-28,45.0
972,98107,2021-03-31,38.0
973,98107,2021-04-30,31.0
974,98107,2021-05-31,39.0
975,98107,2021-06-30,44.0
976,98107,2021-07-31,41.0
977,98107,2021-08-31,30.0
978,98107,2021-09-30,48.0
979,98107,2021-10-31,41.0
980,98107,2021-11-30,26.0
981,98107,2021-12-31,16.0
982,98107,2022-01-31,12.0
983,98107,2022-02-28,23.0
984,98107,2022-03-31,19.0
985,98107,2022-04-30,19.0
986,98107,2022-05-31,23.0
987,98107,2022-06-30,46.0
988,98107,2022-07-31,46.0
989,98107,2022-08-31,45.0
990,98107,2022-09-30,56.0
991,98107,2022-10-31,68.0
992,98107,2022-11-30,49.0
993,98107,2022-12-31,38.0
1078,98108,2018-01-31,15.0
1079,98108,2018-02-28,16.0
1080,98108,2018-03-31,26.0
1081,98108,2018-04-30,21.0
1082,98108,2018-05-31,30.0
1083,98108,2018-06-30,53.0
1084,98108,2018-07-31,44.0
1085,98108,2018-08-31,54.0
1086,98108,2018-09-30,66.0
1087,98108,2018-10-31,61.0
1088,98108,2018-11-30,50.0
1089,98108,2018-12-31,35.0
1090,98108,2019-01-31,36.0
1091,98108,2019-02-28,42.0
1092,98108,2019-03-31,50.0
1093,98108,2019-04-30,54.0
1094,98108,2019-05-31,65.0
1095,98108,2019-06-30,69.0
1096,98108,2019-07-31,62.0
1097,98108,2019-08-31,70.0
1098,98108,2019-09-30,69.0
1099,98108,2019-10-31,65.0
1100,98108,2019-11-30,44.0
1101,98108,2019-12-31,41.0
1102,98108,2020-01-31,29.0
1103,98108,2020-02-29,27.0
1104,98108,2020-03-31,23.0
1105,98108,2020-04-30,29.0
1106,98108,2020-05-31,32.0
1107,98108,2020-06-30,40.0
1108,98108,2020-07-31,47.0
1109,98108,2020-08-31,58.0
1110,98108,2020-09-30,63.0
1111,98108,2020-10-31,59.0
1112,98108,2020-11-30,42.0
1113,98108,2020-12-31,41.0
1114,98108,2021-01-31,23.0
1115,98108,2021-02-28,25.0
1116,98108,2021-03-31,29.0
1117,98108,2021-04-30,30.0
1118,98108,2021-05-31,31.0
1119,98108,2021-06-30,40.0
1120,98108,2021-07-31,49.0
1121,98108,2021-08-31,49.0
1122,98108,2021-09-30,31.0
1123,98108,2021-10-31,34.0
1124,98108,2021-11-30,14.0
1125,98108,2021-12-31,14.0
1126,98108,2022-01-31,15.0
1127,98108,2022-02-28,11.0
1128,98108,2022-03-31,10.0
1129,98108,2022-04-30,16.0
1130,98108,2022-05-31,20.0
1131,98108,2022-06-30,32.0
1132,98108,2022-07-31,32.0
1133,98108,2022-08-31,33.0
1134,98108,2022-09-30,45.0
1135,98108,2022-10-31,53.0
1136,98108,2022-11-30,43.0
1137,98108,2022-12-31,31.0
1222,98109,2018-01-31,15.0
1223,98109,2018-02-28,18.0
1224,98109,2018-03-31,24.0
1225,98109,2018-04-30,31.0
1226,98109,2018-05-31,36.0
1227,98109,2018-06-30,43.0
1228,98109,2018-07-31,41.0
1229,98109,2018-08-31,51.0
1230,98109,2018-09-30,75.0
1231,98109,2018-10-31,79.0
1232,98109,2018-11-30,80.0
1233,98109,2018-12-31,64.0
1234,98109,2019-01-31,59.0
1235,98109,2019-02-28,73.0
1236,98109,2019-03-31,70.0
1237,98109,2019-04-30,68.0
1238,98109,2019-05-31,95.0
1239,98109,2019-06-30,95.0
1240,98109,2019-07-31,81.0
1241,98109,2019-08-31,70.0
1242,98109,2019-09-30,68.0
1243,98109,2019-10-31,59.0
1244,98109,2019-11-30,45.0
1245,98109,2019-12-31,34.0
1246,98109,2020-01-31,32.0
1247,98109,2020-02-29,39.0
1248,98109,2020-03-31,56.0
1249,98109,2020-04-30,64.0
1250,98109,2020-05-31,71.0
1251,98109,2020-06-30,84.0
1252,98109,2020-07-31,105.0
1253,98109,2020-08-31,109.0
1254,98109,2020-09-30,119.0
1255,98109,2020-10-31,125.0
1256,98109,2020-11-30,110.0
1257,98109,2020-12-31,80.0
1258,98109,2021-01-31,68.0
1259,98109,2021-02-28,58.0
1260,98109,2021-03-31,64.0
1261,98109,2021-04-30,64.0
1262,98109,2021-05-31,68.0
1263,98109,2021-06-30,67.0
1264,98109,2021-07-31,69.0
1265,98109,2021-08-31,59.0
1266,98109,2021-09-30,59.0
1267,98109,2021-10-31,54.0
1268,98109,2021-11-30,43.0
1269,98109,2021-12-31,30.0
1270,98109,2022-01-31,15.0
1271,98109,2022-02-28,25.0
1272,98109,2022-03-31,26.0
1273,98109,2022-04-30,43.0
1274,98109,2022-05-31,54.0
1275,98109,2022-06-30,69.0
1276,98109,2022-07-31,79.0
1277,98109,2022-08-31,75.0
1278,98109,2022-09-30,79.0
1279,98109,2022-10-31,67.0
1280,98109,2022-11-30,61.0
1281,98109,2022-12-31,47.0
1366,98112,2018-01-31,22.0
1367,98112,2018-02-28,26.0
1368,98112,2018-03-31,30.0
1369,98112,2018-04-30,24.0
1370,98112,2018-05-31,37.0
1371,98112,2018-06-30,50.0
1372,98112,2018-07-31,45.0
1373,98112,2018-08-31,58.0
1374,98112,2018-09-30,66.0
1375,98112,2018-10-31,61.0
1376,98112,2018-11-30,52.0
1377,98112,2018-12-31,31.0
1378,98112,2019-01-31,32.0
1379,98112,2019-02-28,32.0
1380,98112,2019-03-31,48.0
1381,98112,2019-04-30,54.0
1382,98112,2019-05-31,70.0
1383,98112,2019-06-30,59.0
1384,98112,2019-07-31,65.0
1385,98112,2019-08-31,54.0
1386,98112,2019-09-30,66.0
1387,98112,2019-10-31,66.0
1388,98112,2019-11-30,44.0
1389,98112,2019-12-31,36.0
1390,98112,2020-01-31,35.0
1391,98112,2020-02-29,32.0
1392,98112,2020-03-31,46.0
1393,98112,2020-04-30,36.0
1394,98112,2020-05-31,45.0
1395,98112,2020-06-30,53.0
1396,98112,2020-07-31,70.0
1397,98112,2020-08-31,83.0
1398,98112,2020-09-30,92.0
1399,98112,2020-10-31,85.0
1400,98112,2020-11-30,58.0
1401,98112,2020-12-31,48.0
1402,98112,2021-01-31,43.0
1403,98112,2021-02-28,46.0
1404,98112,2021-03-31,45.0
1405,98112,2021-04-30,54.0
1406,98112,2021-05-31,43.0
1407,98112,2021-06-30,43.0
1408,98112,2021-07-31,39.0
1409,98112,2021-08-31,38.0
1410,98112,2021-09-30,35.0
1411,98112,2021-10-31,31.0
1412,98112,2021-11-30,21.0
1413,98112,2021-12-31,11.0
1414,98112,2022-01-31,13.0
1415,98112,2022-02-28,16.0
1416,98112,2022-03-31,17.0
1417,98112,2022-04-30,28.0
1418,98112,2022-05-31,19.0
1419,98112,2022-06-30,43.0
1420,98112,2022-07-31,48.0
1421,98112,2022-08-31,41.0
1422,98112,2022-09-30,45.0
1423,98112,2022-10-31,48.0
1424,98112,2022-11-30,34.0
1425,98112,2022-12-31,19.0
1497,98113,2018-01-31,
1498,98113,2018-02-28,
1499,98113,2018-03-31,
1500,98113,2018-04-30,
1501,98113,2018-05-31,
1502,98113,2018-06-30,
1503,98113,2018-07-31,
1504,98113,2018-08-31,
1505,98113,2018-09-30,
1506,98113,2018-10-31,
1507,98113,2018-11-30,
1508,98113,2018-12-31,
1509,98113,2019-01-31,
1510,98113,2019-02-28,
1511,98113,2019-03-31,
1512,98113,2019-04-30,
1513,98113,2019-05-31,
1514,98113,2019-06-30,
1515,98113,2019-07-31,
1516,98113,2019-08-31,
1517,98113,2019-09-30,
1518,98113,2019-10-31,
1519,98113,2019-11-30,
1520,98113,2019-12-31,
1521,98113,2020-01-31,
1522,98113,2020-02-29,
1523,98113,2020-03-31,
1524,98113,2020-04-30,
1525,98113,2020-05-31,
1526,98113,2020-06-30,
1527,98113,2020-07-31,
1528,98113,2020-08-31,
1529,98113,2020-09-30,
1530,98113,2020-10-31,
1531,98113,2020-11-30,
1532,98113,2020-12-31,
1533,98113,2021-01-31,
1534,98113,2021-02-28,
1535,98113,2021-03-31,
1536,98113,2021-04-30,
1537,98113,2021-05-31,
1538,98113,2021-06-30,
1539,98113,2021-07-31,
1540,98113,2021-08-31,
1541,98113,2021-09-30,
1542,98113,2021-10-31,
1543,98113,2021-11-30,
1544,98113,2021-12-31,
1545,98113,2022-01-31,
1546,98113,2022-02-28,
1547,98113,2022-03-31,
1548,98113,2022-04-30,
1549,98113,2022-05-31,
1550,98113,2022-06-30,
1551,98113,2022-07-31,
1552,98113,2022-08-31,
1553,98113,2022-09-30,
1554,98113,2022-10-31,
1555,98113,2022-11-30,
1556,98113,2022-12-31,
1635,98115,2018-01-31,26.0
1636,98115,2018-02-28,30.0
1637,98115,2018-03-31,33.0
1638,98115,2018-04-30,50.0
1639,98115,2018-05-31,56.0
1640,98115,2018-06-30,60.0
1641,98115,2018-07-31,82.0
1642,98115,2018-08-31,81.0
1643,98115,2018-09-30,118.0
1644,98115,2018-10-31,103.0
1645,98115,2018-11-30,86.0
1646,98115,2018-12-31,52.0
1647,98115,2019-01-31,54.0
1648,98115,2019-02-28,63.0
1649,98115,2019-03-31,68.0
1650,98115,2019-04-30,77.0
1651,98115,2019-05-31,116.0
1652,98115,2019-06-30,119.0
1653,98115,2019-07-31,128.0
1654,98115,2019-08-31,117.0
1655,98115,2019-09-30,133.0
1656,98115,2019-10-31,101.0
1657,98115,2019-11-30,66.0
1658,98115,2019-12-31,36.0
1659,98115,2020-01-31,35.0
1660,98115,2020-02-29,47.0
1661,98115,2020-03-31,52.0
1662,98115,2020-04-30,61.0
1663,98115,2020-05-31,76.0
1664,98115,2020-06-30,72.0
1665,98115,2020-07-31,66.0
1666,98115,2020-08-31,81.0
1667,98115,2020-09-30,72.0
1668,98115,2020-10-31,81.0
1669,98115,2020-11-30,60.0
1670,98115,2020-12-31,49.0
1671,98115,2021-01-31,51.0
1672,98115,2021-02-28,43.0
1673,98115,2021-03-31,44.0
1674,98115,2021-04-30,51.0
1675,98115,2021-05-31,52.0
1676,98115,2021-06-30,61.0
1677,98115,2021-07-31,53.0
1678,98115,2021-08-31,49.0
1679,98115,2021-09-30,53.0
1680,98115,2021-10-31,36.0
1681,98115,2021-11-30,23.0
1682,98115,2021-12-31,17.0
1683,98115,2022-01-31,17.0
1684,98115,2022-02-28,23.0
1685,98115,2022-03-31,26.0
1686,98115,2022-04-30,43.0
1687,98115,2022-05-31,47.0
1688,98115,2022-06-30,72.0
1689,98115,2022-07-31,75.0
1690,98115,2022-08-31,54.0
1691,98115,2022-09-30,82.0
1692,98115,2022-10-31,77.0
1693,98115,2022-11-30,73.0
1694,98115,2022-12-31,42.0
1779,98116,2018-01-31,12.0
1780,98116,2018-02-28,16.0
1781,98116,2018-03-31,24.0
1782,98116,2018-04-30,31.0
1783,98116,2018-05-31,41.0
1784,98116,2018-06-30,41.0
1785,98116,2018-07-31,62.0
1786,98116,2018-08-31,52.0
1787,98116,2018-09-30,80.0
1788,98116,2018-10-31,80.0
1789,98116,2018-11-30,64.0
1790,98116,2018-12-31,46.0
1791,98116,2019-01-31,37.0
1792,98116,2019-02-28,42.0
1793,98116,2019-03-31,35.0
1794,98116,2019-04-30,67.0
1795,98116,2019-05-31,75.0
1796,98116,2019-06-30,68.0
1797,98116,2019-07-31,67.0
1798,98116,2019-08-31,62.0
1799,98116,2019-09-30,63.0
1800,98116,2019-10-31,53.0
1801,98116,2019-11-30,51.0
1802,98116,2019-12-31,36.0
1803,98116,2020-01-31,33.0
1804,98116,2020-02-29,32.0
1805,98116,2020-03-31,35.0
1806,98116,2020-04-30,52.0
1807,98116,2020-05-31,53.0
1808,98116,2020-06-30,76.0
1809,98116,2020-07-31,87.0
1810,98116,2020-08-31,98.0
1811,98116,2020-09-30,92.0
1812,98116,2020-10-31,74.0
1813,98116,2020-11-30,59.0
1814,98116,2020-12-31,43.0
1815,98116,2021-01-31,39.0
1816,98116,2021-02-28,44.0
1817,98116,2021-03-31,36.0
1818,98116,2021-04-30,59.0
1819,98116,2021-05-31,48.0
1820,98116,2021-06-30,52.0
1821,98116,2021-07-31,59.0
1822,98116,2021-08-31,55.0
1823,98116,2021-09-30,51.0
1824,98116,2021-10-31,37.0
1825,98116,2021-11-30,29.0
1826,98116,2021-12-31,15.0
1827,98116,2022-01-31,21.0
1828,98116,2022-02-28,20.0
1829,98116,2022-03-31,30.0
1830,98116,2022-04-30,28.0
1831,98116,2022-05-31,24.0
1832,98116,2022-06-30,49.0
1833,98116,2022-07-31,56.0
1834,98116,2022-08-31,47.0
1835,98116,2022-09-30,51.0
1836,98116,2022-10-31,51.0
1837,98116,2022-11-30,42.0
1838,98116,2022-12-31,28.0
1923,98117,2018-01-31,8.0
1924,98117,2018-02-28,14.0
1925,98117,2018-03-31,20.0
1926,98117,2018-04-30,36.0
1927,98117,2018-05-31,52.0
1928,98117,2018-06-30,52.0
1929,98117,2018-07-31,61.0
1930,98117,2018-08-31,64.0
1931,98117,2018-09-30,76.0
1932,98117,2018-10-31,63.0
1933,98117,2018-11-30,62.0
1934,98117,2018-12-31,42.0
1935,98117,2019-01-31,47.0
1936,98117,2019-02-28,45.0
1937,98117,2019-03-31,62.0
1938,98117,2019-04-30,69.0
1939,98117,2019-05-31,85.0
1940,98117,2019-06-30,85.0
1941,98117,2019-07-31,88.0
1942,98117,2019-08-31,69.0
1943,98117,2019-09-30,82.0
1944,98117,2019-10-31,77.0
1945,98117,2019-11-30,51.0
1946,98117,2019-12-31,38.0
1947,98117,2020-01-31,32.0
1948,98117,2020-02-29,33.0
1949,98117,2020-03-31,41.0
1950,98117,2020-04-30,45.0
1951,98117,2020-05-31,43.0
1952,98117,2020-06-30,47.0
1953,98117,2020-07-31,53.0
1954,98117,2020-08-31,46.0
1955,98117,2020-09-30,56.0
1956,98117,2020-10-31,43.0
1957,98117,2020-11-30,18.0
1958,98117,2020-12-31,25.0
1959,98117,2021-01-31,29.0
1960,98117,2021-02-28,24.0
1961,98117,2021-03-31,27.0
1962,98117,2021-04-30,36.0
1963,98117,2021-05-31,30.0
1964,98117,2021-06-30,46.0
1965,98117,2021-07-31,43.0
1966,98117,2021-08-31,40.0
1967,98117,2021-09-30,50.0
1968,98117,2021-10-31,46.0
1969,98117,2021-11-30,25.0
1970,98117,2021-12-31,14.0
1971,98117,2022-01-31,17.0
1972,98117,2022-02-28,19.0
1973,98117,2022-03-31,14.0
1974,98117,2022-04-30,34.0
1975,98117,2022-05-31,37.0
1976,98117,2022-06-30,66.0
1977,98117,2022-07-31,88.0
1978,98117,2022-08-31,80.0
1979,98117,2022-09-30,91.0
1980,98117,2022-10-31,79.0
1981,98117,2022-11-30,61.0
1982,98117,2022-12-31,36.0
2067,98118,2018-01-31,43.0
2068,98118,2018-02-28,29.0
2069,98118,2018-03-31,41.0
2070,98118,2018-04-30,49.0
2071,98118,2018-05-31,56.0
2072,98118,2018-06-30,87.0
2073,98118,2018-07-31,76.0
2074,98118,2018-08-31,90.0
2075,98118,2018-09-30,107.0
2076,98118,2018-10-31,107.0
2077,98118,2018-11-30,94.0
2078,98118,2018-12-31,70.0
2079,98118,2019-01-31,67.0
2080,98118,2019-02-28,61.0
2081,98118,2019-03-31,80.0
2082,98118,2019-04-30,90.0
2083,98118,2019-05-31,122.0
2084,98118,2019-06-30,124.0
2085,98118,2019-07-31,118.0
2086,98118,2019-08-31,114.0
2087,98118,2019-09-30,98.0
2088,98118,2019-10-31,79.0
2089,98118,2019-11-30,76.0
2090,98118,2019-12-31,48.0
2091,98118,2020-01-31,57.0
2092,98118,2020-02-29,52.0
2093,98118,2020-03-31,69.0
2094,98118,2020-04-30,74.0
2095,98118,2020-05-31,70.0
2096,98118,2020-06-30,67.0
2097,98118,2020-07-31,76.0
2098,98118,2020-08-31,87.0
2099,98118,2020-09-30,79.0
2100,98118,2020-10-31,86.0
2101,98118,2020-11-30,88.0
2102,98118,2020-12-31,71.0
2103,98118,2021-01-31,54.0
2104,98118,2021-02-28,53.0
2105,98118,2021-03-31,51.0
2106,98118,2021-04-30,53.0
2107,98118,2021-05-31,71.0
2108,98118,2021-06-30,67.0
2109,98118,2021-07-31,94.0
2110,98118,2021-08-31,83.0
2111,98118,2021-09-30,81.0
2112,98118,2021-10-31,63.0
2113,98118,2021-11-30,41.0
2114,98118,2021-12-31,21.0
2115,98118,2022-01-31,20.0
2116,98118,2022-02-28,20.0
2117,98118,2022-03-31,30.0
2118,98118,2022-04-30,36.0
2119,98118,2022-05-31,52.0
2120,98118,2022-06-30,84.0
2121,98118,2022-07-31,79.0
2122,98118,2022-08-31,76.0
2123,98118,2022-09-30,81.0
2124,98118,2022-10-31,87.0
2125,98118,2022-11-30,77.0
2126,98118,2022-12-31,62.0
2211,98119,2018-01-31,17.0
2212,98119,2018-02-28,22.0
2213,98119,2018-03-31,29.0
2214,98119,2018-04-30,28.0
2215,98119,2018-05-31,30.0
2216,98119,2018-06-30,50.0
2217,98119,2018-07-31,73.0
2218,98119,2018-08-31,70.0
2219,98119,2018-09-30,107.0
2220,98119,2018-10-31,88.0
2221,98119,2018-11-30,82.0
2222,98119,2018-12-31,61.0
2223,98119,2019-01-31,64.0
2224,98119,2019-02-28,64.0
2225,98119,2019-03-31,71.0
2226,98119,2019-04-30,74.0
2227,98119,2019-05-31,99.0
2228,98119,2019-06-30,95.0
2229,98119,2019-07-31,82.0
2230,98119,2019-08-31,72.0
2231,98119,2019-09-30,81.0
2232,98119,2019-10-31,84.0
2233,98119,2019-11-30,68.0
2234,98119,2019-12-31,37.0
2235,98119,2020-01-31,31.0
2236,98119,2020-02-29,38.0
2237,98119,2020-03-31,52.0
2238,98119,2020-04-30,52.0
2239,98119,2020-05-31,65.0
2240,98119,2020-06-30,63.0
2241,98119,2020-07-31,72.0
2242,98119,2020-08-31,89.0
2243,98119,2020-09-30,102.0
2244,98119,2020-10-31,94.0
2245,98119,2020-11-30,73.0
2246,98119,2020-12-31,57.0
2247,98119,2021-01-31,55.0
2248,98119,2021-02-28,50.0
2249,98119,2021-03-31,40.0
2250,98119,2021-04-30,53.0
2251,98119,2021-05-31,53.0
2252,98119,2021-06-30,54.0
2253,98119,2021-07-31,59.0
2254,98119,2021-08-31,51.0
2255,98119,2021-09-30,45.0
2256,98119,2021-10-31,47.0
2257,98119,2021-11-30,35.0
2258,98119,2021-12-31,20.0
2259,98119,2022-01-31,13.0
2260,98119,2022-02-28,16.0
2261,98119,2022-03-31,21.0
2262,98119,2022-04-30,25.0
2263,98119,2022-05-31,42.0
2264,98119,2022-06-30,63.0
2265,98119,2022-07-31,55.0
2266,98119,2022-08-31,52.0
2267,98119,2022-09-30,69.0
2268,98119,2022-10-31,56.0
2269,98119,2022-11-30,39.0
2270,98119,2022-12-31,26.0
2355,98121,2018-01-31,20.0
2356,98121,2018-02-28,15.0
2357,98121,2018-03-31,20.0
2358,98121,2018-04-30,32.0
2359,98121,2018-05-31,52.0
2360,98121,2018-06-30,81.0
2361,98121,2018-07-31,78.0
2362,98121,2018-08-31,105.0
2363,98121,2018-09-30,102.0
2364,98121,2018-10-31,132.0
2365,98121,2018-11-30,107.0
2366,98121,2018-12-31,83.0
2367,98121,2019-01-31,87.0
2368,98121,2019-02-28,84.0
2369,98121,2019-03-31,99.0
2370,98121,2019-04-30,96.0
2371,98121,2019-05-31,108.0
2372,98121,2019-06-30,102.0
2373,98121,2019-07-31,99.0
2374,98121,2019-08-31,95.0
2375,98121,2019-09-30,84.0
2376,98121,2019-10-31,95.0
2377,98121,2019-11-30,69.0
2378,98121,2019-12-31,48.0
2379,98121,2020-01-31,51.0
2380,98121,2020-02-29,48.0
2381,98121,2020-03-31,64.0
2382,98121,2020-04-30,67.0
2383,98121,2020-05-31,78.0
2384,98121,2020-06-30,97.0
2385,98121,2020-07-31,133.0
2386,98121,2020-08-31,166.0
2387,98121,2020-09-30,167.0
2388,98121,2020-10-31,160.0
2389,98121,2020-11-30,134.0
2390,98121,2020-12-31,104.0
2391,98121,2021-01-31,98.0
2392,98121,2021-02-28,102.0
2393,98121,2021-03-31,97.0
2394,98121,2021-04-30,81.0
2395,98121,2021-05-31,75.0
2396,98121,2021-06-30,78.0
2397,98121,2021-07-31,79.0
2398,98121,2021-08-31,65.0
2399,98121,2021-09-30,62.0
2400,98121,2021-10-31,62.0
2401,98121,2021-11-30,57.0
2402,98121,2021-12-31,44.0
2403,98121,2022-01-31,26.0
2404,98121,2022-02-28,33.0
2405,98121,2022-03-31,55.0
2406,98121,2022-04-30,62.0
2407,98121,2022-05-31,75.0
2408,98121,2022-06-30,102.0
2409,98121,2022-07-31,122.0
2410,98121,2022-08-31,103.0
2411,98121,2022-09-30,97.0
2412,98121,2022-10-31,93.0
2413,98121,2022-11-30,81.0
2414,98121,2022-12-31,55.0
2499,98122,2018-01-31,19.0
2500,98122,2018-02-28,12.0
2501,98122,2018-03-31,18.0
2502,98122,2018-04-30,31.0
2503,98122,2018-05-31,36.0
2504,98122,2018-06-30,49.0
2505,98122,2018-07-31,69.0
2506,98122,2018-08-31,65.0
2507,98122,2018-09-30,100.0
2508,98122,2018-10-31,85.0
2509,98122,2018-11-30,66.0
2510,98122,2018-12-31,47.0
2511,98122,2019-01-31,56.0
2512,98122,2019-02-28,59.0
2513,98122,2019-03-31,71.0
2514,98122,2019-04-30,85.0
2515,98122,2019-05-31,98.0
2516,98122,2019-06-30,102.0
2517,98122,2019-07-31,89.0
2518,98122,2019-08-31,84.0
2519,98122,2019-09-30,86.0
2520,98122,2019-10-31,81.0
2521,98122,2019-11-30,54.0
2522,98122,2019-12-31,34.0
2523,98122,2020-01-31,33.0
2524,98122,2020-02-29,50.0
2525,98122,2020-03-31,54.0
2526,98122,2020-04-30,54.0
2527,98122,2020-05-31,67.0
2528,98122,2020-06-30,65.0
2529,98122,2020-07-31,84.0
2530,98122,2020-08-31,114.0
2531,98122,2020-09-30,132.0
2532,98122,2020-10-31,120.0
2533,98122,2020-11-30,99.0
2534,98122,2020-12-31,73.0
2535,98122,2021-01-31,67.0
2536,98122,2021-02-28,67.0
2537,98122,2021-03-31,64.0
2538,98122,2021-04-30,83.0
2539,98122,2021-05-31,83.0
2540,98122,2021-06-30,96.0
2541,98122,2021-07-31,92.0
2542,98122,2021-08-31,72.0
2543,98122,2021-09-30,79.0
2544,98122,2021-10-31,82.0
2545,98122,2021-11-30,53.0
2546,98122,2021-12-31,32.0
2547,98122,2022-01-31,29.0
2548,98122,2022-02-28,36.0
2549,98122,2022-03-31,38.0
2550,98122,2022-04-30,44.0
2551,98122,2022-05-31,56.0
2552,98122,2022-06-30,73.0
2553,98122,2022-07-31,90.0
2554,98122,2022-08-31,86.0
2555,98122,2022-09-30,99.0
2556,98122,2022-10-31,87.0
2557,98122,2022-11-30,76.0
2558,98122,2022-12-31,57.0
2643,98125,2018-01-31,19.0
2644,98125,2018-02-28,19.0
2645,98125,2018-03-31,20.0
2646,98125,2018-04-30,23.0
2647,98125,2018-05-31,31.0
2648,98125,2018-06-30,59.0
2649,98125,2018-07-31,50.0
2650,98125,2018-08-31,55.0
2651,98125,2018-09-30,77.0
2652,98125,2018-10-31,78.0
2653,98125,2018-11-30,63.0
2654,98125,2018-12-31,47.0
2655,98125,2019-01-31,37.0
2656,98125,2019-02-28,36.0
2657,98125,2019-03-31,44.0
2658,98125,2019-04-30,69.0
2659,98125,2019-05-31,87.0
2660,98125,2019-06-30,86.0
2661,98125,2019-07-31,83.0
2662,98125,2019-08-31,85.0
2663,98125,2019-09-30,92.0
2664,98125,2019-10-31,80.0
2665,98125,2019-11-30,65.0
2666,98125,2019-12-31,36.0
2667,98125,2020-01-31,22.0
2668,98125,2020-02-29,31.0
2669,98125,2020-03-31,42.0
2670,98125,2020-04-30,44.0
2671,98125,2020-05-31,49.0
2672,98125,2020-06-30,43.0
2673,98125,2020-07-31,58.0
2674,98125,2020-08-31,57.0
2675,98125,2020-09-30,58.0
2676,98125,2020-10-31,65.0
2677,98125,2020-11-30,54.0
2678,98125,2020-12-31,37.0
2679,98125,2021-01-31,26.0
2680,98125,2021-02-28,31.0
2681,98125,2021-03-31,28.0
2682,98125,2021-04-30,31.0
2683,98125,2021-05-31,33.0
2684,98125,2021-06-30,30.0
2685,98125,2021-07-31,39.0
2686,98125,2021-08-31,32.0
2687,98125,2021-09-30,37.0
2688,98125,2021-10-31,30.0
2689,98125,2021-11-30,22.0
2690,98125,2021-12-31,10.0
2691,98125,2022-01-31,15.0
2692,98125,2022-02-28,21.0
2693,98125,2022-03-31,22.0
2694,98125,2022-04-30,24.0
2695,98125,2022-05-31,26.0
2696,98125,2022-06-30,49.0
2697,98125,2022-07-31,58.0
2698,98125,2022-08-31,52.0
2699,98125,2022-09-30,57.0
2700,98125,2022-10-31,57.0
2701,98125,2022-11-30,53.0
2702,98125,2022-12-31,39.0
2787,98126,2018-01-31,16.0
2788,98126,2018-02-28,22.0
2789,98126,2018-03-31,30.0
2790,98126,2018-04-30,42.0
2791,98126,2018-05-31,53.0
2792,98126,2018-06-30,72.0
2793,98126,2018-07-31,80.0
2794,98126,2018-08-31,94.0
2795,98126,2018-09-30,117.0
2796,98126,2018-10-31,97.0
2797,98126,2018-11-30,89.0
2798,98126,2018-12-31,62.0
2799,98126,2019-01-31,55.0
2800,98126,2019-02-28,67.0
2801,98126,2019-03-31,72.0
2802,98126,2019-04-30,72.0
2803,98126,2019-05-31,67.0
2804,98126,2019-06-30,73.0
2805,98126,2019-07-31,76.0
2806,98126,2019-08-31,78.0
2807,98126,2019-09-30,80.0
2808,98126,2019-10-31,74.0
2809,98126,2019-11-30,54.0
2810,98126,2019-12-31,37.0
2811,98126,2020-01-31,30.0
2812,98126,2020-02-29,45.0
2813,98126,2020-03-31,44.0
2814,98126,2020-04-30,44.0
2815,98126,2020-05-31,57.0
2816,98126,2020-06-30,56.0
2817,98126,2020-07-31,77.0
2818,98126,2020-08-31,86.0
2819,98126,2020-09-30,80.0
2820,98126,2020-10-31,74.0
2821,98126,2020-11-30,52.0
2822,98126,2020-12-31,23.0
2823,98126,2021-01-31,29.0
2824,98126,2021-02-28,30.0
2825,98126,2021-03-31,40.0
2826,98126,2021-04-30,46.0
2827,98126,2021-05-31,42.0
2828,98126,2021-06-30,46.0
2829,98126,2021-07-31,41.0
2830,98126,2021-08-31,40.0
2831,98126,2021-09-30,44.0
2832,98126,2021-10-31,36.0
2833,98126,2021-11-30,12.0
2834,98126,2021-12-31,4.0
2835,98126,2022-01-31,7.0
2836,98126,2022-02-28,11.0
2837,98126,2022-03-31,13.0
2838,98126,2022-04-30,23.0
2839,98126,2022-05-31,24.0
2840,98126,2022-06-30,27.0
2841,98126,2022-07-31,44.0
2842,98126,2022-08-31,45.0
2843,98126,2022-09-30,50.0
2844,98126,2022-10-31,43.0
2845,98126,2022-11-30,35.0
2846,98126,2022-12-31,19.0
2931,98133,2018-01-31,29.0
2932,98133,2018-02-28,19.0
2933,98133,2018-03-31,31.0
2934,98133,2018-04-30,43.0
2935,98133,2018-05-31,55.0
2936,98133,2018-06-30,74.0
2937,98133,2018-07-31,103.0
2938,98133,2018-08-31,114.0
2939,98133,2018-09-30,139.0
2940,98133,2018-10-31,112.0
2941,98133,2018-11-30,94.0
2942,98133,2018-12-31,67.0
2943,98133,2019-01-31,62.0
2944,98133,2019-02-28,66.0
2945,98133,2019-03-31,82.0
2946,98133,2019-04-30,96.0
2947,98133,2019-05-31,101.0
2948,98133,2019-06-30,109.0
2949,98133,2019-07-31,115.0
2950,98133,2019-08-31,116.0
2951,98133,2019-09-30,114.0
2952,98133,2019-10-31,110.0
2953,98133,2019-11-30,73.0
2954,98133,2019-12-31,51.0
2955,98133,2020-01-31,32.0
2956,98133,2020-02-29,34.0
2957,98133,2020-03-31,61.0
2958,98133,2020-04-30,68.0
2959,98133,2020-05-31,73.0
2960,98133,2020-06-30,64.0
2961,98133,2020-07-31,66.0
2962,98133,2020-08-31,68.0
2963,98133,2020-09-30,79.0
2964,98133,2020-10-31,96.0
2965,98133,2020-11-30,62.0
2966,98133,2020-12-31,45.0
2967,98133,2021-01-31,44.0
2968,98133,2021-02-28,37.0
2969,98133,2021-03-31,32.0
2970,98133,2021-04-30,56.0
2971,98133,2021-05-31,53.0
2972,98133,2021-06-30,57.0
2973,98133,2021-07-31,85.0
2974,98133,2021-08-31,72.0
2975,98133,2021-09-30,75.0
2976,98133,2021-10-31,52.0
2977,98133,2021-11-30,30.0
2978,98133,2021-12-31,12.0
2979,98133,2022-01-31,14.0
2980,98133,2022-02-28,35.0
2981,98133,2022-03-31,41.0
2982,98133,2022-04-30,67.0
2983,98133,2022-05-31,78.0
2984,98133,2022-06-30,92.0
2985,98133,2022-07-31,87.0
2986,98133,2022-08-31,92.0
2987,98133,2022-09-30,117.0
2988,98133,2022-10-31,118.0
2989,98133,2022-11-30,92.0
2990,98133,2022-12-31,70.0
3075,98134,2018-01-31,
3076,98134,2018-02-28,
3077,98134,2018-03-31,
3078,98134,2018-04-30,1.0
3079,98134,2018-05-31,
3080,98134,2018-06-30,
3081,98134,2018-07-31,2.0
3082,98134,2018-08-31,1.0
3083,98134,2018-09-30,2.0
3084,98134,2018-10-31,2.0
3085,98134,2018-11-30,1.0
3086,98134,2018-12-31,
3087,98134,2019-01-31,1.0
3088,98134,2019-02-28,
3089,98134,2019-03-31,
3090,98134,2019-04-30,
3091,98134,2019-05-31,
3092,98134,2019-06-30,
3093,98134,2019-07-31,
3094,98134,2019-08-31,
3095,98134,2019-09-30,
3096,98134,2019-10-31,
3097,98134,2019-11-30,
3098,98134,2019-12-31,
3099,98134,2020-01-31,
3100,98134,2020-02-29,
3101,98134,2020-03-31,
3102,98134,2020-04-30,
3103,98134,2020-05-31,
3104,98134,2020-06-30,
3105,98134,2020-07-31,
3106,98134,2020-08-31,
3107,98134,2020-09-30,
3108,98134,2020-10-31,
3109,98134,2020-11-30,
3110,98134,2020-12-31,
3111,98134,2021-01-31,
3112,98134,2021-02-28,
3113,98134,2021-03-31,
3114,98134,2021-04-30,
3115,98134,2021-05-31,
3116,98134,2021-06-30,
3117,98134,2021-07-31,
3118,98134,2021-08-31,2.0
3119,98134,2021-09-30,1.0
3120,98134,2021-10-31,1.0
3121,98134,2021-11-30,
3122,98134,2021-12-31,1.0
3123,98134,2022-01-31,
3124,98134,2022-02-28,
3125,98134,2022-03-31,
3126,98134,2022-04-30,1.0
3127,98134,2022-05-31,1.0
3128,98134,2022-06-30,3.0
3129,98134,2022-07-31,3.0
3130,98134,2022-08-31,3.0
3131,98134,2022-09-30,
3132,98134,2022-10-31,
3133,98134,2022-11-30,
3134,98134,2022-12-31,
3217,98136,2018-01-31,8.0
3218,98136,2018-02-28,11.0
3219,98136,2018-03-31,14.0
3220,98136,2018-04-30,24.0
3221,98136,2018-05-31,27.0
3222,98136,2018-06-30,41.0
3223,98136,2018-07-31,48.0
3224,98136,2018-08-31,59.0
3225,98136,2018-09-30,65.0
3226,98136,2018-10-31,53.0
3227,98136,2018-11-30,32.0
3228,98136,2018-12-31,25.0
3229,98136,2019-01-31,26.0
3230,98136,2019-02-28,26.0
3231,98136,2019-03-31,30.0
3232,98136,2019-04-30,36.0
3233,98136,2019-05-31,44.0
3234,98136,2019-06-30,51.0
3235,98136,2019-07-31,41.0
3236,98136,2019-08-31,39.0
3237,98136,2019-09-30,46.0
3238,98136,2019-10-31,47.0
3239,98136,2019-11-30,34.0
3240,98136,2019-12-31,23.0
3241,98136,2020-01-31,26.0
3242,98136,2020-02-29,16.0
3243,98136,2020-03-31,21.0
3244,98136,2020-04-30,25.0
3245,98136,2020-05-31,42.0
3246,98136,2020-06-30,44.0
3247,98136,2020-07-31,39.0
3248,98136,2020-08-31,48.0
3249,98136,2020-09-30,51.0
3250,98136,2020-10-31,36.0
3251,98136,2020-11-30,32.0
3252,98136,2020-12-31,18.0
3253,98136,2021-01-31,20.0
3254,98136,2021-02-28,15.0
3255,98136,2021-03-31,21.0
3256,98136,2021-04-30,20.0
3257,98136,2021-05-31,14.0
3258,98136,2021-06-30,27.0
3259,98136,2021-07-31,32.0
3260,98136,2021-08-31,24.0
3261,98136,2021-09-30,19.0
3262,98136,2021-10-31,18.0
3263,98136,2021-11-30,9.0
3264,98136,2021-12-31,3.0
3265,98136,2022-01-31,8.0
3266,98136,2022-02-28,6.0
3267,98136,2022-03-31,8.0
3268,98136,2022-04-30,14.0
3269,98136,2022-05-31,15.0
3270,98136,2022-06-30,27.0
3271,98136,2022-07-31,38.0
3272,98136,2022-08-31,36.0
3273,98136,2022-09-30,43.0
3274,98136,2022-10-31,33.0
3275,98136,2022-11-30,26.0
3276,98136,2022-12-31,10.0
3361,98144,2018-01-31,21.0
3362,98144,2018-02-28,21.0
3363,98144,2018-03-31,27.0
3364,98144,2018-04-30,34.0
3365,98144,2018-05-31,41.0
3366,98144,2018-06-30,47.0
3367,98144,2018-07-31,52.0
3368,98144,2018-08-31,60.0
3369,98144,2018-09-30,90.0
3370,98144,2018-10-31,87.0
3371,98144,2018-11-30,79.0
3372,98144,2018-12-31,61.0
3373,98144,2019-01-31,66.0
3374,98144,2019-02-28,68.0
3375,98144,2019-03-31,60.0
3376,98144,2019-04-30,68.0
3377,98144,2019-05-31,86.0
3378,98144,2019-06-30,89.0
3379,98144,2019-07-31,99.0
3380,98144,2019-08-31,89.0
3381,98144,2019-09-30,85.0
3382,98144,2019-10-31,86.0
3383,98144,2019-11-30,64.0
3384,98144,2019-12-31,48.0
3385,98144,2020-01-31,32.0
3386,98144,2020-02-29,43.0
3387,98144,2020-03-31,53.0
3388,98144,2020-04-30,58.0
3389,98144,2020-05-31,66.0
3390,98144,2020-06-30,66.0
3391,98144,2020-07-31,63.0
3392,98144,2020-08-31,94.0
3393,98144,2020-09-30,94.0
3394,98144,2020-10-31,79.0
3395,98144,2020-11-30,67.0
3396,98144,2020-12-31,59.0
3397,98144,2021-01-31,57.0
3398,98144,2021-02-28,54.0
3399,98144,2021-03-31,52.0
3400,98144,2021-04-30,52.0
3401,98144,2021-05-31,44.0
3402,98144,2021-06-30,52.0
3403,98144,2021-07-31,49.0
3404,98144,2021-08-31,47.0
3405,98144,2021-09-30,58.0
3406,98144,2021-10-31,56.0
3407,98144,2021-11-30,43.0
3408,98144,2021-12-31,27.0
3409,98144,2022-01-31,34.0
3410,98144,2022-02-28,28.0
3411,98144,2022-03-31,37.0
3412,98144,2022-04-30,54.0
3413,98144,2022-05-31,60.0
3414,98144,2022-06-30,85.0
3415,98144,2022-07-31,90.0
3416,98144,2022-08-31,92.0
3417,98144,2022-09-30,96.0
3418,98144,2022-10-31,82.0
3419,98144,2022-11-30,62.0
3420,98144,2022-12-31,51.0
3505,98146,2018-01-31,22.0
3506,98146,2018-02-28,19.0
3507,98146,2018-03-31,21.0
3508,98146,2018-04-30,32.0
3509,98146,2018-05-31,37.0
3510,98146,2018-06-30,47.0
3511,98146,2018-07-31,49.0
3512,98146,2018-08-31,54.0
3513,98146,2018-09-30,67.0
3514,98146,2018-10-31,66.0
3515,98146,2018-11-30,58.0
3516,98146,2018-12-31,45.0
3517,98146,2019-01-31,42.0
3518,98146,2019-02-28,40.0
3519,98146,2019-03-31,48.0
3520,98146,2019-04-30,52.0
3521,98146,2019-05-31,56.0
3522,98146,2019-06-30,60.0
3523,98146,2019-07-31,57.0
3524,98146,2019-08-31,59.0
3525,98146,2019-09-30,58.0
3526,98146,2019-10-31,46.0
3527,98146,2019-11-30,39.0
3528,98146,2019-12-31,36.0
3529,98146,2020-01-31,23.0
3530,98146,2020-02-29,23.0
3531,98146,2020-03-31,30.0
3532,98146,2020-04-30,41.0
3533,98146,2020-05-31,41.0
3534,98146,2020-06-30,45.0
3535,98146,2020-07-31,46.0
3536,98146,2020-08-31,39.0
3537,98146,2020-09-30,45.0
3538,98146,2020-10-31,48.0
3539,98146,2020-11-30,32.0
3540,98146,2020-12-31,25.0
3541,98146,2021-01-31,20.0
3542,98146,2021-02-28,13.0
3543,98146,2021-03-31,14.0
3544,98146,2021-04-30,17.0
3545,98146,2021-05-31,26.0
3546,98146,2021-06-30,29.0
3547,98146,2021-07-31,31.0
3548,98146,2021-08-31,18.0
3549,98146,2021-09-30,25.0
3550,98146,2021-10-31,22.0
3551,98146,2021-11-30,15.0
3552,98146,2021-12-31,13.0
3553,98146,2022-01-31,8.0
3554,98146,2022-02-28,14.0
3555,98146,2022-03-31,16.0
3556,98146,2022-04-30,27.0
3557,98146,2022-05-31,25.0
3558,98146,2022-06-30,40.0
3559,98146,2022-07-31,36.0
3560,98146,2022-08-31,41.0
3561,98146,2022-09-30,58.0
3562,98146,2022-10-31,43.0
3563,98146,2022-11-30,30.0
3564,98146,2022-12-31,27.0
3649,98175,2018-01-31,
3650,98175,2018-02-28,
3651,98175,2018-03-31,
3652,98175,2018-04-30,
3653,98175,2018-05-31,
3654,98175,2018-06-30,1.0
3655,98175,2018-07-31,
3656,98175,2018-08-31,
3657,98175,2018-09-30,1.0
3658,98175,2018-10-31,
3659,98175,2018-11-30,
3660,98175,2018-12-31,
3661,98175,2019-01-31,1.0
3662,98175,2019-02-28,
3663,98175,2019-03-31,
3664,98175,2019-04-30,
3665,98175,2019-05-31,
3666,98175,2019-06-30,
3667,98175,2019-07-31,
3668,98175,2019-08-31,
3669,98175,2019-09-30,
3670,98175,2019-10-31,
3671,98175,2019-11-30,
3672,98175,2019-12-31,
3673,98175,2020-01-31,
3674,98175,2020-02-29,
3675,98175,2020-03-31,
3676,98175,2020-04-30,
3677,98175,2020-05-31,
3678,98175,2020-06-30,
3679,98175,2020-07-31,
3680,98175,2020-08-31,
3681,98175,2020-09-30,
3682,98175,2020-10-31,
3683,98175,2020-11-30,
3684,98175,2020-12-31,
3685,98175,2021-01-31,
3686,98175,2021-02-28,
3687,98175,2021-03-31,
3688,98175,2021-04-30,
3689,98175,2021-05-31,
3690,98175,2021-06-30,
3691,98175,2021-07-31,
3692,98175,2021-08-31,
3693,98175,2021-09-30,
3694,98175,2021-10-31,1.0
3695,98175,2021-11-30,
3696,98175,2021-12-31,
3697,98175,2022-01-31,
3698,98175,2022-02-28,
3699,98175,2022-03-31,
3700,98175,2022-04-30,
3701,98175,2022-05-31,
3702,98175,2022-06-30,
3703,98175,2022-07-31,
3704,98175,2022-08-31,
3705,98175,2022-09-30,
3706,98175,2022-10-31,
3707,98175,2022-11-30,
3708,98175,2022-12-31,
3792,98177,2018-01-31,8.0
3793,98177,2018-02-28,15.0
3794,98177,2018-03-31,19.0
3795,98177,2018-04-30,22.0
3796,98177,2018-05-31,31.0
3797,98177,2018-06-30,36.0
3798,98177,2018-07-31,38.0
3799,98177,2018-08-31,56.0
3800,98177,2018-09-30,68.0
3801,98177,2018-10-31,57.0
3802,98177,2018-11-30,39.0
3803,98177,2018-12-31,34.0
3804,98177,2019-01-31,34.0
3805,98177,2019-02-28,40.0
3806,98177,2019-03-31,42.0
3807,98177,2019-04-30,54.0
3808,98177,2019-05-31,72.0
3809,98177,2019-06-30,69.0
3810,98177,2019-07-31,64.0
3811,98177,2019-08-31,54.0
3812,98177,2019-09-30,51.0
3813,98177,2019-10-31,51.0
3814,98177,2019-11-30,32.0
3815,98177,2019-12-31,21.0
3816,98177,2020-01-31,8.0
3817,98177,2020-02-29,10.0
3818,98177,2020-03-31,26.0
3819,98177,2020-04-30,25.0
3820,98177,2020-05-31,23.0
3821,98177,2020-06-30,26.0
3822,98177,2020-07-31,31.0
3823,98177,2020-08-31,26.0
3824,98177,2020-09-30,30.0
3825,98177,2020-10-31,22.0
3826,98177,2020-11-30,13.0
3827,98177,2020-12-31,10.0
3828,98177,2021-01-31,5.0
3829,98177,2021-02-28,8.0
3830,98177,2021-03-31,9.0
3831,98177,2021-04-30,15.0
3832,98177,2021-05-31,12.0
3833,98177,2021-06-30,14.0
3834,98177,2021-07-31,24.0
3835,98177,2021-08-31,19.0
3836,98177,2021-09-30,23.0
3837,98177,2021-10-31,19.0
3838,98177,2021-11-30,7.0
3839,98177,2021-12-31,
3840,98177,2022-01-31,1.0
3841,98177,2022-02-28,3.0
3842,98177,2022-03-31,8.0
3843,98177,2022-04-30,15.0
3844,98177,2022-05-31,18.0
3845,98177,2022-06-30,33.0
3846,98177,2022-07-31,29.0
3847,98177,2022-08-31,25.0
3848,98177,2022-09-30,36.0
3849,98177,2022-10-31,35.0
3850,98177,2022-11-30,29.0
3851,98177,2022-12-31,22.0
3936,98178,2018-01-31,33.0
3937,98178,2018-02-28,30.0
3938,98178,2018-03-31,40.0
3939,98178,2018-04-30,42.0
3940,98178,2018-05-31,50.0
3941,98178,2018-06-30,76.0
3942,98178,2018-07-31,72.0
3943,98178,2018-08-31,74.0
3944,98178,2018-09-30,87.0
3945,98178,2018-10-31,85.0
3946,98178,2018-11-30,78.0
3947,98178,2018-12-31,44.0
3948,98178,2019-01-31,28.0
3949,98178,2019-02-28,39.0
3950,98178,2019-03-31,39.0
3951,98178,2019-04-30,58.0
3952,98178,2019-05-31,72.0
3953,98178,2019-06-30,70.0
3954,98178,2019-07-31,68.0
3955,98178,2019-08-31,59.0
3956,98178,2019-09-30,72.0
3957,98178,2019-10-31,60.0
3958,98178,2019-11-30,58.0
3959,98178,2019-12-31,36.0
3960,98178,2020-01-31,31.0
3961,98178,2020-02-29,33.0
3962,98178,2020-03-31,51.0
3963,98178,2020-04-30,50.0
3964,98178,2020-05-31,33.0
3965,98178,2020-06-30,33.0
3966,98178,2020-07-31,33.0
3967,98178,2020-08-31,31.0
3968,98178,2020-09-30,35.0
3969,98178,2020-10-31,32.0
3970,98178,2020-11-30,18.0
3971,98178,2020-12-31,18.0
3972,98178,2021-01-31,9.0
3973,98178,2021-02-28,12.0
3974,98178,2021-03-31,11.0
3975,98178,2021-04-30,21.0
3976,98178,2021-05-31,26.0
3977,98178,2021-06-30,29.0
3978,98178,2021-07-31,27.0
3979,98178,2021-08-31,29.0
3980,98178,2021-09-30,27.0
3981,98178,2021-10-31,25.0
3982,98178,2021-11-30,13.0
3983,98178,2021-12-31,12.0
3984,98178,2022-01-31,13.0
3985,98178,2022-02-28,5.0
3986,98178,2022-03-31,17.0
3987,98178,2022-04-30,20.0
3988,98178,2022-05-31,22.0
3989,98178,2022-06-30,39.0
3990,98178,2022-07-31,43.0
3991,98178,2022-08-31,39.0
3992,98178,2022-09-30,46.0
3993,98178,2022-10-31,36.0
3994,98178,2022-11-30,34.0
3995,98178,2022-12-31,24.0
4020,98185,2018-01-31,
4021,98185,2018-02-28,
4022,98185,2018-03-31,
4023,98185,2018-04-30,
4024,98185,2018-05-31,
4025,98185,2018-06-30,
4026,98185,2018-07-31,
4027,98185,2018-08-31,
4028,98185,2018-09-30,
4029,98185,2018-10-31,
4030,98185,2018-11-30,
4031,98185,2018-12-31,
4032,98185,2019-01-31,
4033,98185,2019-02-28,
4034,98185,2019-03-31,
4035,98185,2019-04-30,
4036,98185,2019-05-31,
4037,98185,2019-06-30,
4038,98185,2019-07-31,
4039,98185,2019-08-31,
4040,98185,2019-09-30,
4041,98185,2019-10-31,
4042,98185,2019-11-30,
4043,98185,2019-12-31,
4044,98185,2020-01-31,
4045,98185,2020-02-29,
4046,98185,2020-03-31,
4047,98185,2020-04-30,
4048,98185,2020-05-31,
4049,98185,2020-06-30,
4050,98185,2020-07-31,
4051,98185,2020-08-31,
4052,98185,2020-09-30,
4053,98185,2020-10-31,
4054,98185,2020-11-30,
4055,98185,2020-12-31,
4056,98185,2021-01-31,
4057,98185,2021-02-28,
4058,98185,2021-03-31,
4059,98185,2021-04-30,
4060,98185,2021-05-31,
4061,98185,2021-06-30,
4062,98185,2021-07-31,
4114,98194,2018-01-31,
4115,98194,2018-02-28,
4116,98194,2018-03-31,
4117,98194,2018-04-30,
4118,98194,2018-05-31,
4119,98194,2018-06-30,
4120,98194,2018-07-31,
4121,98194,2018-08-31,
4122,98194,2018-09-30,
4123,98194,2018-10-31,
4124,98194,2018-11-30,
4125,98194,2018-12-31,
4126,98194,2019-01-31,
4127,98194,2019-02-28,
4128,98194,2019-03-31,
4129,98194,2019-04-30,
4130,98194,2019-05-31,
4131,98194,2019-06-30,
4132,98194,2019-07-31,
4133,98194,2019-08-31,
4134,98194,2019-09-30,
4135,98194,2019-10-31,
4136,98194,2019-11-30,
4137,98194,2019-12-31,
4138,98194,2020-01-31,
4139,98194,2020-02-29,
4140,98194,2020-03-31,
4141,98194,2020-04-30,
4142,98194,2020-05-31,
4143,98194,2020-06-30,
4144,98194,2020-07-31,
4145,98194,2020-08-31,
4146,98194,2020-09-30,
4147,98194,2020-10-31,
4148,98194,2020-11-30,
4149,98194,2020-12-31,
4150,98194,2021-01-31,3.0
4151,98194,2021-02-28,3.0
4152,98194,2021-03-31,3.0
4153,98194,2021-04-30,
4154,98194,2021-05-31,
4155,98194,2021-06-30,1.0
4156,98194,2021-07-31,
4157,98194,2021-08-31,
4158,98194,2021-09-30,
4159,98194,2021-10-31,
4160,98194,2021-11-30,
4161,98194,2021-12-31,
4162,98194,2022-01-31,
4163,98194,2022-02-28,
4164,98194,2022-03-31,
4165,98194,2022-04-30,
4166,98194,2022-05-31,
4167,98194,2022-06-30,
4168,98194,2022-07-31,
4169,98194,2022-08-31,
4170,98194,2022-09-30,
4171,98194,2022-10-31,
4172,98194,2022-11-30,
4173,98194,2022-12-31,
4258,98199,2018-01-31,21.0
4259,98199,2018-02-28,22.0
4260,98199,2018-03-31,34.0
4261,98199,2018-04-30,32.0
4262,98199,2018-05-31,40.0
4263,98199,2018-06-30,50.0
4264,98199,2018-07-31,60.0
4265,98199,2018-08-31,65.0
4266,98199,2018-09-30,85.0
4267,98199,2018-10-31,64.0
4268,98199,2018-11-30,55.0
4269,98199,2018-12-31,43.0
4270,98199,2019-01-31,36.0
4271,98199,2019-02-28,50.0
4272,98199,2019-03-31,56.0
4273,98199,2019-04-30,59.0
4274,98199,2019-05-31,86.0
4275,98199,2019-06-30,94.0
4276,98199,2019-07-31,73.0
4277,98199,2019-08-31,59.0
4278,98199,2019-09-30,67.0
4279,98199,2019-10-31,62.0
4280,98199,2019-11-30,47.0
4281,98199,2019-12-31,30.0
4282,98199,2020-01-31,27.0
4283,98199,2020-02-29,36.0
4284,98199,2020-03-31,42.0
4285,98199,2020-04-30,40.0
4286,98199,2020-05-31,47.0
4287,98199,2020-06-30,41.0
4288,98199,2020-07-31,49.0
4289,98199,2020-08-31,60.0
4290,98199,2020-09-30,65.0
4291,98199,2020-10-31,72.0
4292,98199,2020-11-30,61.0
4293,98199,2020-12-31,37.0
4294,98199,2021-01-31,37.0
4295,98199,2021-02-28,28.0
4296,98199,2021-03-31,26.0
4297,98199,2021-04-30,38.0
4298,98199,2021-05-31,32.0
4299,98199,2021-06-30,53.0
4300,98199,2021-07-31,59.0
4301,98199,2021-08-31,46.0
4302,98199,2021-09-30,32.0
4303,98199,2021-10-31,23.0
4304,98199,2021-11-30,15.0
4305,98199,2021-12-31,10.0
4306,98199,2022-01-31,12.0
4307,98199,2022-02-28,13.0
4308,98199,2022-03-31,18.0
4309,98199,2022-04-30,31.0
4310,98199,2022-05-31,30.0
4311,98199,2022-06-30,63.0
4312,98199,2022-07-31,63.0
4313,98199,2022-08-31,59.0
4314,98199,2022-09-30,70.0
4315,98199,2022-10-31,61.0
4316,98199,2022-11-30,50.0
4317,98199,2022-12-31,33.0
